video_id,source_video_id,manipulation_type,video_path
000,000,real,original/000.mp4
001,001,real,original/001.mp4
002,002,real,original/002.mp4
003,003,real,original/003.mp4
004,004,real,original/004.mp4
005,005,real,original/005.mp4
006,006,real,original/006.mp4
007,007,real,original/007.mp4
008,008,real,original/008.mp4
009,009,real,original/009.mp4
010,010,real,original/010.mp4
011,011,real,original/011.mp4
012,012,real,original/012.mp4
013,013,real,original/013.mp4
014,014,real,original/014.mp4
015,015,real,original/015.mp4
016,016,real,original/016.mp4
017,017,real,original/017.mp4
018,018,real,original/018.mp4
019,019,real,original/019.mp4
020,020,real,original/020.mp4
021,021,real,original/021.mp4
022,022,real,original/022.mp4
023,023,real,original/023.mp4
024,024,real,original/024.mp4
025,025,real,original/025.mp4
026,026,real,original/026.mp4
027,027,real,original/027.mp4
028,028,real,original/028.mp4
029,029,real,original/029.mp4
030,030,real,original/030.mp4
031,031,real,original/031.mp4
032,032,real,original/032.mp4
033,033,real,original/033.mp4
034,034,real,original/034.mp4
035,035,real,original/035.mp4
036,036,real,original/036.mp4
037,037,real,original/037.mp4
038,038,real,original/038.mp4
039,039,real,original/039.mp4
040,040,real,original/040.mp4
041,041,real,original/041.mp4
042,042,real,original/042.mp4
043,043,real,original/043.mp4
044,044,real,original/044.mp4
045,045,real,original/045.mp4
046,046,real,original/046.mp4
047,047,real,original/047.mp4
048,048,real,original/048.mp4
049,049,real,original/049.mp4
050,050,real,original/050.mp4
051,051,real,original/051.mp4
052,052,real,original/052.mp4
053,053,real,original/053.mp4
054,054,real,original/054.mp4
055,055,real,original/055.mp4
056,056,real,original/056.mp4
057,057,real,original/057.mp4
058,058,real,original/058.mp4
059,059,real,original/059.mp4
060,060,real,original/060.mp4
061,061,real,original/061.mp4
062,062,real,original/062.mp4
063,063,real,original/063.mp4
064,064,real,original/064.mp4
065,065,real,original/065.mp4
066,066,real,original/066.mp4
067,067,real,original/067.mp4
068,068,real,original/068.mp4
069,069,real,original/069.mp4
070,070,real,original/070.mp4
071,071,real,original/071.mp4
072,072,real,original/072.mp4
073,073,real,original/073.mp4
074,074,real,original/074.mp4
075,075,real,original/075.mp4
076,076,real,original/076.mp4
077,077,real,original/077.mp4
078,078,real,original/078.mp4
079,079,real,original/079.mp4
080,080,real,original/080.mp4
081,081,real,original/081.mp4
082,082,real,original/082.mp4
083,083,real,original/083.mp4
084,084,real,original/084.mp4
085,085,real,original/085.mp4
086,086,real,original/086.mp4
087,087,real,original/087.mp4
088,088,real,original/088.mp4
089,089,real,original/089.mp4
090,090,real,original/090.mp4
091,091,real,original/091.mp4
092,092,real,original/092.mp4
093,093,real,original/093.mp4
094,094,real,original/094.mp4
095,095,real,original/095.mp4
096,096,real,original/096.mp4
097,097,real,original/097.mp4
098,098,real,original/098.mp4
099,099,real,original/099.mp4
100,100,real,original/100.mp4
101,101,real,original/101.mp4
102,102,real,original/102.mp4
103,103,real,original/103.mp4
104,104,real,original/104.mp4
105,105,real,original/105.mp4
106,106,real,original/106.mp4
107,107,real,original/107.mp4
108,108,real,original/108.mp4
109,109,real,original/109.mp4
110,110,real,original/110.mp4
111,111,real,original/111.mp4
112,112,real,original/112.mp4
113,113,real,original/113.mp4
114,114,real,original/114.mp4
115,115,real,original/115.mp4
116,116,real,original/116.mp4
117,117,real,original/117.mp4
118,118,real,original/118.mp4
119,119,real,original/119.mp4
120,120,real,original/120.mp4
121,121,real,original/121.mp4
122,122,real,original/122.mp4
123,123,real,original/123.mp4
124,124,real,original/124.mp4
125,125,real,original/125.mp4
126,126,real,original/126.mp4
127,127,real,original/127.mp4
128,128,real,original/128.mp4
129,129,real,original/129.mp4
130,130,real,original/130.mp4
131,131,real,original/131.mp4
132,132,real,original/132.mp4
133,133,real,original/133.mp4
134,134,real,original/134.mp4
135,135,real,original/135.mp4
136,136,real,original/136.mp4
137,137,real,original/137.mp4
138,138,real,original/138.mp4
139,139,real,original/139.mp4
140,140,real,original/140.mp4
141,141,real,original/141.mp4
142,142,real,original/142.mp4
143,143,real,original/143.mp4
144,144,real,original/144.mp4
145,145,real,original/145.mp4
146,146,real,original/146.mp4
147,147,real,original/147.mp4
148,148,real,original/148.mp4
149,149,real,original/149.mp4
150,150,real,original/150.mp4
151,151,real,original/151.mp4
152,152,real,original/152.mp4
153,153,real,original/153.mp4
154,154,real,original/154.mp4
155,155,real,original/155.mp4
156,156,real,original/156.mp4
157,157,real,original/157.mp4
158,158,real,original/158.mp4
159,159,real,original/159.mp4
160,160,real,original/160.mp4
161,161,real,original/161.mp4
162,162,real,original/162.mp4
163,163,real,original/163.mp4
164,164,real,original/164.mp4
165,165,real,original/165.mp4
166,166,real,original/166.mp4
167,167,real,original/167.mp4
168,168,real,original/168.mp4
169,169,real,original/169.mp4
170,170,real,original/170.mp4
171,171,real,original/171.mp4
172,172,real,original/172.mp4
173,173,real,original/173.mp4
174,174,real,original/174.mp4
175,175,real,original/175.mp4
176,176,real,original/176.mp4
177,177,real,original/177.mp4
178,178,real,original/178.mp4
179,179,real,original/179.mp4
180,180,real,original/180.mp4
181,181,real,original/181.mp4
182,182,real,original/182.mp4
183,183,real,original/183.mp4
184,184,real,original/184.mp4
185,185,real,original/185.mp4
186,186,real,original/186.mp4
187,187,real,original/187.mp4
188,188,real,original/188.mp4
189,189,real,original/189.mp4
190,190,real,original/190.mp4
191,191,real,original/191.mp4
192,192,real,original/192.mp4
193,193,real,original/193.mp4
194,194,real,original/194.mp4
195,195,real,original/195.mp4
196,196,real,original/196.mp4
197,197,real,original/197.mp4
198,198,real,original/198.mp4
199,199,real,original/199.mp4
200,200,real,original/200.mp4
201,201,real,original/201.mp4
202,202,real,original/202.mp4
203,203,real,original/203.mp4
204,204,real,original/204.mp4
205,205,real,original/205.mp4
206,206,real,original/206.mp4
207,207,real,original/207.mp4
208,208,real,original/208.mp4
209,209,real,original/209.mp4
210,210,real,original/210.mp4
211,211,real,original/211.mp4
212,212,real,original/212.mp4
213,213,real,original/213.mp4
214,214,real,original/214.mp4
215,215,real,original/215.mp4
216,216,real,original/216.mp4
217,217,real,original/217.mp4
218,218,real,original/218.mp4
219,219,real,original/219.mp4
220,220,real,original/220.mp4
221,221,real,original/221.mp4
222,222,real,original/222.mp4
223,223,real,original/223.mp4
224,224,real,original/224.mp4
225,225,real,original/225.mp4
226,226,real,original/226.mp4
227,227,real,original/227.mp4
228,228,real,original/228.mp4
229,229,real,original/229.mp4
230,230,real,original/230.mp4
231,231,real,original/231.mp4
232,232,real,original/232.mp4
233,233,real,original/233.mp4
234,234,real,original/234.mp4
235,235,real,original/235.mp4
236,236,real,original/236.mp4
237,237,real,original/237.mp4
238,238,real,original/238.mp4
239,239,real,original/239.mp4
240,240,real,original/240.mp4
241,241,real,original/241.mp4
242,242,real,original/242.mp4
243,243,real,original/243.mp4
244,244,real,original/244.mp4
245,245,real,original/245.mp4
246,246,real,original/246.mp4
247,247,real,original/247.mp4
248,248,real,original/248.mp4
249,249,real,original/249.mp4
250,250,real,original/250.mp4
251,251,real,original/251.mp4
252,252,real,original/252.mp4
253,253,real,original/253.mp4
254,254,real,original/254.mp4
255,255,real,original/255.mp4
256,256,real,original/256.mp4
257,257,real,original/257.mp4
258,258,real,original/258.mp4
259,259,real,original/259.mp4
260,260,real,original/260.mp4
261,261,real,original/261.mp4
262,262,real,original/262.mp4
263,263,real,original/263.mp4
264,264,real,original/264.mp4
265,265,real,original/265.mp4
266,266,real,original/266.mp4
267,267,real,original/267.mp4
268,268,real,original/268.mp4
269,269,real,original/269.mp4
270,270,real,original/270.mp4
271,271,real,original/271.mp4
272,272,real,original/272.mp4
273,273,real,original/273.mp4
274,274,real,original/274.mp4
275,275,real,original/275.mp4
276,276,real,original/276.mp4
277,277,real,original/277.mp4
278,278,real,original/278.mp4
279,279,real,original/279.mp4
280,280,real,original/280.mp4
281,281,real,original/281.mp4
282,282,real,original/282.mp4
283,283,real,original/283.mp4
284,284,real,original/284.mp4
285,285,real,original/285.mp4
286,286,real,original/286.mp4
287,287,real,original/287.mp4
288,288,real,original/288.mp4
289,289,real,original/289.mp4
290,290,real,original/290.mp4
291,291,real,original/291.mp4
292,292,real,original/292.mp4
293,293,real,original/293.mp4
294,294,real,original/294.mp4
295,295,real,original/295.mp4
296,296,real,original/296.mp4
297,297,real,original/297.mp4
298,298,real,original/298.mp4
299,299,real,original/299.mp4
300,300,real,original/300.mp4
301,301,real,original/301.mp4
302,302,real,original/302.mp4
303,303,real,original/303.mp4
304,304,real,original/304.mp4
305,305,real,original/305.mp4
306,306,real,original/306.mp4
307,307,real,original/307.mp4
308,308,real,original/308.mp4
309,309,real,original/309.mp4
310,310,real,original/310.mp4
311,311,real,original/311.mp4
312,312,real,original/312.mp4
313,313,real,original/313.mp4
314,314,real,original/314.mp4
315,315,real,original/315.mp4
316,316,real,original/316.mp4
317,317,real,original/317.mp4
318,318,real,original/318.mp4
319,319,real,original/319.mp4
320,320,real,original/320.mp4
321,321,real,original/321.mp4
322,322,real,original/322.mp4
323,323,real,original/323.mp4
324,324,real,original/324.mp4
325,325,real,original/325.mp4
326,326,real,original/326.mp4
327,327,real,original/327.mp4
328,328,real,original/328.mp4
329,329,real,original/329.mp4
330,330,real,original/330.mp4
331,331,real,original/331.mp4
332,332,real,original/332.mp4
333,333,real,original/333.mp4
334,334,real,original/334.mp4
335,335,real,original/335.mp4
336,336,real,original/336.mp4
337,337,real,original/337.mp4
338,338,real,original/338.mp4
339,339,real,original/339.mp4
340,340,real,original/340.mp4
341,341,real,original/341.mp4
342,342,real,original/342.mp4
343,343,real,original/343.mp4
344,344,real,original/344.mp4
345,345,real,original/345.mp4
346,346,real,original/346.mp4
347,347,real,original/347.mp4
348,348,real,original/348.mp4
349,349,real,original/349.mp4
350,350,real,original/350.mp4
351,351,real,original/351.mp4
352,352,real,original/352.mp4
353,353,real,original/353.mp4
354,354,real,original/354.mp4
355,355,real,original/355.mp4
356,356,real,original/356.mp4
357,357,real,original/357.mp4
358,358,real,original/358.mp4
359,359,real,original/359.mp4
360,360,real,original/360.mp4
361,361,real,original/361.mp4
362,362,real,original/362.mp4
363,363,real,original/363.mp4
364,364,real,original/364.mp4
365,365,real,original/365.mp4
366,366,real,original/366.mp4
367,367,real,original/367.mp4
368,368,real,original/368.mp4
369,369,real,original/369.mp4
370,370,real,original/370.mp4
371,371,real,original/371.mp4
372,372,real,original/372.mp4
373,373,real,original/373.mp4
374,374,real,original/374.mp4
375,375,real,original/375.mp4
376,376,real,original/376.mp4
377,377,real,original/377.mp4
378,378,real,original/378.mp4
379,379,real,original/379.mp4
380,380,real,original/380.mp4
381,381,real,original/381.mp4
382,382,real,original/382.mp4
383,383,real,original/383.mp4
384,384,real,original/384.mp4
385,385,real,original/385.mp4
386,386,real,original/386.mp4
387,387,real,original/387.mp4
388,388,real,original/388.mp4
389,389,real,original/389.mp4
390,390,real,original/390.mp4
391,391,real,original/391.mp4
392,392,real,original/392.mp4
393,393,real,original/393.mp4
394,394,real,original/394.mp4
395,395,real,original/395.mp4
396,396,real,original/396.mp4
397,397,real,original/397.mp4
398,398,real,original/398.mp4
399,399,real,original/399.mp4
400,400,real,original/400.mp4
401,401,real,original/401.mp4
402,402,real,original/402.mp4
403,403,real,original/403.mp4
404,404,real,original/404.mp4
405,405,real,original/405.mp4
406,406,real,original/406.mp4
407,407,real,original/407.mp4
408,408,real,original/408.mp4
409,409,real,original/409.mp4
410,410,real,original/410.mp4
411,411,real,original/411.mp4
412,412,real,original/412.mp4
413,413,real,original/413.mp4
414,414,real,original/414.mp4
415,415,real,original/415.mp4
416,416,real,original/416.mp4
417,417,real,original/417.mp4
418,418,real,original/418.mp4
419,419,real,original/419.mp4
420,420,real,original/420.mp4
421,421,real,original/421.mp4
422,422,real,original/422.mp4
423,423,real,original/423.mp4
424,424,real,original/424.mp4
425,425,real,original/425.mp4
426,426,real,original/426.mp4
427,427,real,original/427.mp4
428,428,real,original/428.mp4
429,429,real,original/429.mp4
430,430,real,original/430.mp4
431,431,real,original/431.mp4
432,432,real,original/432.mp4
433,433,real,original/433.mp4
434,434,real,original/434.mp4
435,435,real,original/435.mp4
436,436,real,original/436.mp4
437,437,real,original/437.mp4
438,438,real,original/438.mp4
439,439,real,original/439.mp4
440,440,real,original/440.mp4
441,441,real,original/441.mp4
442,442,real,original/442.mp4
443,443,real,original/443.mp4
444,444,real,original/444.mp4
445,445,real,original/445.mp4
446,446,real,original/446.mp4
447,447,real,original/447.mp4
448,448,real,original/448.mp4
449,449,real,original/449.mp4
450,450,real,original/450.mp4
451,451,real,original/451.mp4
452,452,real,original/452.mp4
453,453,real,original/453.mp4
454,454,real,original/454.mp4
455,455,real,original/455.mp4
456,456,real,original/456.mp4
457,457,real,original/457.mp4
458,458,real,original/458.mp4
459,459,real,original/459.mp4
460,460,real,original/460.mp4
461,461,real,original/461.mp4
462,462,real,original/462.mp4
463,463,real,original/463.mp4
464,464,real,original/464.mp4
465,465,real,original/465.mp4
466,466,real,original/466.mp4
467,467,real,original/467.mp4
468,468,real,original/468.mp4
469,469,real,original/469.mp4
470,470,real,original/470.mp4
471,471,real,original/471.mp4
472,472,real,original/472.mp4
473,473,real,original/473.mp4
474,474,real,original/474.mp4
475,475,real,original/475.mp4
476,476,real,original/476.mp4
477,477,real,original/477.mp4
478,478,real,original/478.mp4
479,479,real,original/479.mp4
480,480,real,original/480.mp4
481,481,real,original/481.mp4
482,482,real,original/482.mp4
483,483,real,original/483.mp4
484,484,real,original/484.mp4
485,485,real,original/485.mp4
486,486,real,original/486.mp4
487,487,real,original/487.mp4
488,488,real,original/488.mp4
489,489,real,original/489.mp4
490,490,real,original/490.mp4
491,491,real,original/491.mp4
492,492,real,original/492.mp4
493,493,real,original/493.mp4
494,494,real,original/494.mp4
495,495,real,original/495.mp4
496,496,real,original/496.mp4
497,497,real,original/497.mp4
498,498,real,original/498.mp4
499,499,real,original/499.mp4
500,500,real,original/500.mp4
501,501,real,original/501.mp4
502,502,real,original/502.mp4
503,503,real,original/503.mp4
504,504,real,original/504.mp4
505,505,real,original/505.mp4
506,506,real,original/506.mp4
507,507,real,original/507.mp4
508,508,real,original/508.mp4
509,509,real,original/509.mp4
510,510,real,original/510.mp4
511,511,real,original/511.mp4
512,512,real,original/512.mp4
513,513,real,original/513.mp4
514,514,real,original/514.mp4
515,515,real,original/515.mp4
516,516,real,original/516.mp4
517,517,real,original/517.mp4
518,518,real,original/518.mp4
519,519,real,original/519.mp4
520,520,real,original/520.mp4
521,521,real,original/521.mp4
522,522,real,original/522.mp4
523,523,real,original/523.mp4
524,524,real,original/524.mp4
525,525,real,original/525.mp4
526,526,real,original/526.mp4
527,527,real,original/527.mp4
528,528,real,original/528.mp4
529,529,real,original/529.mp4
530,530,real,original/530.mp4
531,531,real,original/531.mp4
532,532,real,original/532.mp4
533,533,real,original/533.mp4
534,534,real,original/534.mp4
535,535,real,original/535.mp4
536,536,real,original/536.mp4
537,537,real,original/537.mp4
538,538,real,original/538.mp4
539,539,real,original/539.mp4
540,540,real,original/540.mp4
541,541,real,original/541.mp4
542,542,real,original/542.mp4
543,543,real,original/543.mp4
544,544,real,original/544.mp4
545,545,real,original/545.mp4
546,546,real,original/546.mp4
547,547,real,original/547.mp4
548,548,real,original/548.mp4
549,549,real,original/549.mp4
550,550,real,original/550.mp4
551,551,real,original/551.mp4
552,552,real,original/552.mp4
553,553,real,original/553.mp4
554,554,real,original/554.mp4
555,555,real,original/555.mp4
556,556,real,original/556.mp4
557,557,real,original/557.mp4
558,558,real,original/558.mp4
559,559,real,original/559.mp4
560,560,real,original/560.mp4
561,561,real,original/561.mp4
562,562,real,original/562.mp4
563,563,real,original/563.mp4
564,564,real,original/564.mp4
565,565,real,original/565.mp4
566,566,real,original/566.mp4
567,567,real,original/567.mp4
568,568,real,original/568.mp4
569,569,real,original/569.mp4
570,570,real,original/570.mp4
571,571,real,original/571.mp4
572,572,real,original/572.mp4
573,573,real,original/573.mp4
574,574,real,original/574.mp4
575,575,real,original/575.mp4
576,576,real,original/576.mp4
577,577,real,original/577.mp4
578,578,real,original/578.mp4
579,579,real,original/579.mp4
580,580,real,original/580.mp4
581,581,real,original/581.mp4
582,582,real,original/582.mp4
583,583,real,original/583.mp4
584,584,real,original/584.mp4
585,585,real,original/585.mp4
586,586,real,original/586.mp4
587,587,real,original/587.mp4
588,588,real,original/588.mp4
589,589,real,original/589.mp4
590,590,real,original/590.mp4
591,591,real,original/591.mp4
592,592,real,original/592.mp4
593,593,real,original/593.mp4
594,594,real,original/594.mp4
595,595,real,original/595.mp4
596,596,real,original/596.mp4
597,597,real,original/597.mp4
598,598,real,original/598.mp4
599,599,real,original/599.mp4
600,600,real,original/600.mp4
601,601,real,original/601.mp4
602,602,real,original/602.mp4
603,603,real,original/603.mp4
604,604,real,original/604.mp4
605,605,real,original/605.mp4
606,606,real,original/606.mp4
607,607,real,original/607.mp4
608,608,real,original/608.mp4
609,609,real,original/609.mp4
610,610,real,original/610.mp4
611,611,real,original/611.mp4
612,612,real,original/612.mp4
613,613,real,original/613.mp4
614,614,real,original/614.mp4
615,615,real,original/615.mp4
616,616,real,original/616.mp4
617,617,real,original/617.mp4
618,618,real,original/618.mp4
619,619,real,original/619.mp4
620,620,real,original/620.mp4
621,621,real,original/621.mp4
622,622,real,original/622.mp4
623,623,real,original/623.mp4
624,624,real,original/624.mp4
625,625,real,original/625.mp4
626,626,real,original/626.mp4
627,627,real,original/627.mp4
628,628,real,original/628.mp4
629,629,real,original/629.mp4
630,630,real,original/630.mp4
631,631,real,original/631.mp4
632,632,real,original/632.mp4
633,633,real,original/633.mp4
634,634,real,original/634.mp4
635,635,real,original/635.mp4
636,636,real,original/636.mp4
637,637,real,original/637.mp4
638,638,real,original/638.mp4
639,639,real,original/639.mp4
640,640,real,original/640.mp4
641,641,real,original/641.mp4
642,642,real,original/642.mp4
643,643,real,original/643.mp4
644,644,real,original/644.mp4
645,645,real,original/645.mp4
646,646,real,original/646.mp4
647,647,real,original/647.mp4
648,648,real,original/648.mp4
649,649,real,original/649.mp4
650,650,real,original/650.mp4
651,651,real,original/651.mp4
652,652,real,original/652.mp4
653,653,real,original/653.mp4
654,654,real,original/654.mp4
655,655,real,original/655.mp4
656,656,real,original/656.mp4
657,657,real,original/657.mp4
658,658,real,original/658.mp4
659,659,real,original/659.mp4
660,660,real,original/660.mp4
661,661,real,original/661.mp4
662,662,real,original/662.mp4
663,663,real,original/663.mp4
664,664,real,original/664.mp4
665,665,real,original/665.mp4
666,666,real,original/666.mp4
667,667,real,original/667.mp4
668,668,real,original/668.mp4
669,669,real,original/669.mp4
670,670,real,original/670.mp4
671,671,real,original/671.mp4
672,672,real,original/672.mp4
673,673,real,original/673.mp4
674,674,real,original/674.mp4
675,675,real,original/675.mp4
676,676,real,original/676.mp4
677,677,real,original/677.mp4
678,678,real,original/678.mp4
679,679,real,original/679.mp4
680,680,real,original/680.mp4
681,681,real,original/681.mp4
682,682,real,original/682.mp4
683,683,real,original/683.mp4
684,684,real,original/684.mp4
685,685,real,original/685.mp4
686,686,real,original/686.mp4
687,687,real,original/687.mp4
688,688,real,original/688.mp4
689,689,real,original/689.mp4
690,690,real,original/690.mp4
691,691,real,original/691.mp4
692,692,real,original/692.mp4
693,693,real,original/693.mp4
694,694,real,original/694.mp4
695,695,real,original/695.mp4
696,696,real,original/696.mp4
697,697,real,original/697.mp4
698,698,real,original/698.mp4
699,699,real,original/699.mp4
700,700,real,original/700.mp4
701,701,real,original/701.mp4
702,702,real,original/702.mp4
703,703,real,original/703.mp4
704,704,real,original/704.mp4
705,705,real,original/705.mp4
706,706,real,original/706.mp4
707,707,real,original/707.mp4
708,708,real,original/708.mp4
709,709,real,original/709.mp4
710,710,real,original/710.mp4
711,711,real,original/711.mp4
712,712,real,original/712.mp4
713,713,real,original/713.mp4
714,714,real,original/714.mp4
715,715,real,original/715.mp4
716,716,real,original/716.mp4
717,717,real,original/717.mp4
718,718,real,original/718.mp4
719,719,real,original/719.mp4
720,720,real,original/720.mp4
721,721,real,original/721.mp4
722,722,real,original/722.mp4
723,723,real,original/723.mp4
724,724,real,original/724.mp4
725,725,real,original/725.mp4
726,726,real,original/726.mp4
727,727,real,original/727.mp4
728,728,real,original/728.mp4
729,729,real,original/729.mp4
730,730,real,original/730.mp4
731,731,real,original/731.mp4
732,732,real,original/732.mp4
733,733,real,original/733.mp4
734,734,real,original/734.mp4
735,735,real,original/735.mp4
736,736,real,original/736.mp4
737,737,real,original/737.mp4
738,738,real,original/738.mp4
739,739,real,original/739.mp4
740,740,real,original/740.mp4
741,741,real,original/741.mp4
742,742,real,original/742.mp4
743,743,real,original/743.mp4
744,744,real,original/744.mp4
745,745,real,original/745.mp4
746,746,real,original/746.mp4
747,747,real,original/747.mp4
748,748,real,original/748.mp4
749,749,real,original/749.mp4
750,750,real,original/750.mp4
751,751,real,original/751.mp4
752,752,real,original/752.mp4
753,753,real,original/753.mp4
754,754,real,original/754.mp4
755,755,real,original/755.mp4
756,756,real,original/756.mp4
757,757,real,original/757.mp4
758,758,real,original/758.mp4
759,759,real,original/759.mp4
760,760,real,original/760.mp4
761,761,real,original/761.mp4
762,762,real,original/762.mp4
763,763,real,original/763.mp4
764,764,real,original/764.mp4
765,765,real,original/765.mp4
766,766,real,original/766.mp4
767,767,real,original/767.mp4
768,768,real,original/768.mp4
769,769,real,original/769.mp4
770,770,real,original/770.mp4
771,771,real,original/771.mp4
772,772,real,original/772.mp4
773,773,real,original/773.mp4
774,774,real,original/774.mp4
775,775,real,original/775.mp4
776,776,real,original/776.mp4
777,777,real,original/777.mp4
778,778,real,original/778.mp4
779,779,real,original/779.mp4
780,780,real,original/780.mp4
781,781,real,original/781.mp4
782,782,real,original/782.mp4
783,783,real,original/783.mp4
784,784,real,original/784.mp4
785,785,real,original/785.mp4
786,786,real,original/786.mp4
787,787,real,original/787.mp4
788,788,real,original/788.mp4
789,789,real,original/789.mp4
790,790,real,original/790.mp4
791,791,real,original/791.mp4
792,792,real,original/792.mp4
793,793,real,original/793.mp4
794,794,real,original/794.mp4
795,795,real,original/795.mp4
796,796,real,original/796.mp4
797,797,real,original/797.mp4
798,798,real,original/798.mp4
799,799,real,original/799.mp4
800,800,real,original/800.mp4
801,801,real,original/801.mp4
802,802,real,original/802.mp4
803,803,real,original/803.mp4
804,804,real,original/804.mp4
805,805,real,original/805.mp4
806,806,real,original/806.mp4
807,807,real,original/807.mp4
808,808,real,original/808.mp4
809,809,real,original/809.mp4
810,810,real,original/810.mp4
811,811,real,original/811.mp4
812,812,real,original/812.mp4
813,813,real,original/813.mp4
814,814,real,original/814.mp4
815,815,real,original/815.mp4
816,816,real,original/816.mp4
817,817,real,original/817.mp4
818,818,real,original/818.mp4
819,819,real,original/819.mp4
820,820,real,original/820.mp4
821,821,real,original/821.mp4
822,822,real,original/822.mp4
823,823,real,original/823.mp4
824,824,real,original/824.mp4
825,825,real,original/825.mp4
826,826,real,original/826.mp4
827,827,real,original/827.mp4
828,828,real,original/828.mp4
829,829,real,original/829.mp4
830,830,real,original/830.mp4
831,831,real,original/831.mp4
832,832,real,original/832.mp4
833,833,real,original/833.mp4
834,834,real,original/834.mp4
835,835,real,original/835.mp4
836,836,real,original/836.mp4
837,837,real,original/837.mp4
838,838,real,original/838.mp4
839,839,real,original/839.mp4
840,840,real,original/840.mp4
841,841,real,original/841.mp4
842,842,real,original/842.mp4
843,843,real,original/843.mp4
844,844,real,original/844.mp4
845,845,real,original/845.mp4
846,846,real,original/846.mp4
847,847,real,original/847.mp4
848,848,real,original/848.mp4
849,849,real,original/849.mp4
850,850,real,original/850.mp4
851,851,real,original/851.mp4
852,852,real,original/852.mp4
853,853,real,original/853.mp4
854,854,real,original/854.mp4
855,855,real,original/855.mp4
856,856,real,original/856.mp4
857,857,real,original/857.mp4
858,858,real,original/858.mp4
859,859,real,original/859.mp4
860,860,real,original/860.mp4
861,861,real,original/861.mp4
862,862,real,original/862.mp4
863,863,real,original/863.mp4
864,864,real,original/864.mp4
865,865,real,original/865.mp4
866,866,real,original/866.mp4
867,867,real,original/867.mp4
868,868,real,original/868.mp4
869,869,real,original/869.mp4
870,870,real,original/870.mp4
871,871,real,original/871.mp4
872,872,real,original/872.mp4
873,873,real,original/873.mp4
874,874,real,original/874.mp4
875,875,real,original/875.mp4
876,876,real,original/876.mp4
877,877,real,original/877.mp4
878,878,real,original/878.mp4
879,879,real,original/879.mp4
880,880,real,original/880.mp4
881,881,real,original/881.mp4
882,882,real,original/882.mp4
883,883,real,original/883.mp4
884,884,real,original/884.mp4
885,885,real,original/885.mp4
886,886,real,original/886.mp4
887,887,real,original/887.mp4
888,888,real,original/888.mp4
889,889,real,original/889.mp4
890,890,real,original/890.mp4
891,891,real,original/891.mp4
892,892,real,original/892.mp4
893,893,real,original/893.mp4
894,894,real,original/894.mp4
895,895,real,original/895.mp4
896,896,real,original/896.mp4
897,897,real,original/897.mp4
898,898,real,original/898.mp4
899,899,real,original/899.mp4
900,900,real,original/900.mp4
901,901,real,original/901.mp4
902,902,real,original/902.mp4
903,903,real,original/903.mp4
904,904,real,original/904.mp4
905,905,real,original/905.mp4
906,906,real,original/906.mp4
907,907,real,original/907.mp4
908,908,real,original/908.mp4
909,909,real,original/909.mp4
910,910,real,original/910.mp4
911,911,real,original/911.mp4
912,912,real,original/912.mp4
913,913,real,original/913.mp4
914,914,real,original/914.mp4
915,915,real,original/915.mp4
916,916,real,original/916.mp4
917,917,real,original/917.mp4
918,918,real,original/918.mp4
919,919,real,original/919.mp4
920,920,real,original/920.mp4
921,921,real,original/921.mp4
922,922,real,original/922.mp4
923,923,real,original/923.mp4
924,924,real,original/924.mp4
925,925,real,original/925.mp4
926,926,real,original/926.mp4
927,927,real,original/927.mp4
928,928,real,original/928.mp4
929,929,real,original/929.mp4
930,930,real,original/930.mp4
931,931,real,original/931.mp4
932,932,real,original/932.mp4
933,933,real,original/933.mp4
934,934,real,original/934.mp4
935,935,real,original/935.mp4
936,936,real,original/936.mp4
937,937,real,original/937.mp4
938,938,real,original/938.mp4
939,939,real,original/939.mp4
940,940,real,original/940.mp4
941,941,real,original/941.mp4
942,942,real,original/942.mp4
943,943,real,original/943.mp4
944,944,real,original/944.mp4
945,945,real,original/945.mp4
946,946,real,original/946.mp4
947,947,real,original/947.mp4
948,948,real,original/948.mp4
949,949,real,original/949.mp4
950,950,real,original/950.mp4
951,951,real,original/951.mp4
952,952,real,original/952.mp4
953,953,real,original/953.mp4
954,954,real,original/954.mp4
955,955,real,original/955.mp4
956,956,real,original/956.mp4
957,957,real,original/957.mp4
958,958,real,original/958.mp4
959,959,real,original/959.mp4
960,960,real,original/960.mp4
961,961,real,original/961.mp4
962,962,real,original/962.mp4
963,963,real,original/963.mp4
964,964,real,original/964.mp4
965,965,real,original/965.mp4
966,966,real,original/966.mp4
967,967,real,original/967.mp4
968,968,real,original/968.mp4
969,969,real,original/969.mp4
970,970,real,original/970.mp4
971,971,real,original/971.mp4
972,972,real,original/972.mp4
973,973,real,original/973.mp4
974,974,real,original/974.mp4
975,975,real,original/975.mp4
976,976,real,original/976.mp4
977,977,real,original/977.mp4
978,978,real,original/978.mp4
979,979,real,original/979.mp4
980,980,real,original/980.mp4
981,981,real,original/981.mp4
982,982,real,original/982.mp4
983,983,real,original/983.mp4
984,984,real,original/984.mp4
985,985,real,original/985.mp4
986,986,real,original/986.mp4
987,987,real,original/987.mp4
988,988,real,original/988.mp4
989,989,real,original/989.mp4
990,990,real,original/990.mp4
991,991,real,original/991.mp4
992,992,real,original/992.mp4
993,993,real,original/993.mp4
994,994,real,original/994.mp4
995,995,real,original/995.mp4
996,996,real,original/996.mp4
997,997,real,original/997.mp4
998,998,real,original/998.mp4
999,999,real,original/999.mp4
000_003,003,df,Deepfakes/000_003.mp4
001_870,870,df,Deepfakes/001_870.mp4
002_006,006,df,Deepfakes/002_006.mp4
003_000,000,df,Deepfakes/003_000.mp4
004_982,982,df,Deepfakes/004_982.mp4
005_010,010,df,Deepfakes/005_010.mp4
006_002,002,df,Deepfakes/006_002.mp4
007_132,132,df,Deepfakes/007_132.mp4
008_990,990,df,Deepfakes/008_990.mp4
009_027,027,df,Deepfakes/009_027.mp4
010_005,005,df,Deepfakes/010_005.mp4
011_805,805,df,Deepfakes/011_805.mp4
012_026,026,df,Deepfakes/012_026.mp4
013_883,883,df,Deepfakes/013_883.mp4
014_790,790,df,Deepfakes/014_790.mp4
015_919,919,df,Deepfakes/015_919.mp4
016_209,209,df,Deepfakes/016_209.mp4
017_803,803,df,Deepfakes/017_803.mp4
018_019,019,df,Deepfakes/018_019.mp4
019_018,018,df,Deepfakes/019_018.mp4
020_344,344,df,Deepfakes/020_344.mp4
021_312,312,df,Deepfakes/021_312.mp4
022_489,489,df,Deepfakes/022_489.mp4
023_923,923,df,Deepfakes/023_923.mp4
024_073,073,df,Deepfakes/024_073.mp4
025_067,067,df,Deepfakes/025_067.mp4
026_012,012,df,Deepfakes/026_012.mp4
027_009,009,df,Deepfakes/027_009.mp4
028_068,068,df,Deepfakes/028_068.mp4
029_048,048,df,Deepfakes/029_048.mp4
030_193,193,df,Deepfakes/030_193.mp4
031_163,163,df,Deepfakes/031_163.mp4
032_944,944,df,Deepfakes/032_944.mp4
033_097,097,df,Deepfakes/033_097.mp4
034_590,590,df,Deepfakes/034_590.mp4
035_036,036,df,Deepfakes/035_036.mp4
036_035,035,df,Deepfakes/036_035.mp4
037_072,072,df,Deepfakes/037_072.mp4
038_125,125,df,Deepfakes/038_125.mp4
039_058,058,df,Deepfakes/039_058.mp4
040_997,997,df,Deepfakes/040_997.mp4
041_063,063,df,Deepfakes/041_063.mp4
042_084,084,df,Deepfakes/042_084.mp4
043_110,110,df,Deepfakes/043_110.mp4
044_945,945,df,Deepfakes/044_945.mp4
045_889,889,df,Deepfakes/045_889.mp4
046_904,904,df,Deepfakes/046_904.mp4
047_862,862,df,Deepfakes/047_862.mp4
048_029,029,df,Deepfakes/048_029.mp4
049_946,946,df,Deepfakes/049_946.mp4
050_059,059,df,Deepfakes/050_059.mp4
051_332,332,df,Deepfakes/051_332.mp4
052_108,108,df,Deepfakes/052_108.mp4
053_095,095,df,Deepfakes/053_095.mp4
054_071,071,df,Deepfakes/054_071.mp4
055_147,147,df,Deepfakes/055_147.mp4
056_996,996,df,Deepfakes/056_996.mp4
057_070,070,df,Deepfakes/057_070.mp4
058_039,039,df,Deepfakes/058_039.mp4
059_050,050,df,Deepfakes/059_050.mp4
060_088,088,df,Deepfakes/060_088.mp4
061_080,080,df,Deepfakes/061_080.mp4
062_066,066,df,Deepfakes/062_066.mp4
063_041,041,df,Deepfakes/063_041.mp4
064_991,991,df,Deepfakes/064_991.mp4
065_089,089,df,Deepfakes/065_089.mp4
066_062,062,df,Deepfakes/066_062.mp4
067_025,025,df,Deepfakes/067_025.mp4
068_028,028,df,Deepfakes/068_028.mp4
069_961,961,df,Deepfakes/069_961.mp4
070_057,057,df,Deepfakes/070_057.mp4
071_054,054,df,Deepfakes/071_054.mp4
072_037,037,df,Deepfakes/072_037.mp4
073_024,024,df,Deepfakes/073_024.mp4
074_825,825,df,Deepfakes/074_825.mp4
075_977,977,df,Deepfakes/075_977.mp4
076_079,079,df,Deepfakes/076_079.mp4
077_100,100,df,Deepfakes/077_100.mp4
078_955,955,df,Deepfakes/078_955.mp4
079_076,076,df,Deepfakes/079_076.mp4
080_061,061,df,Deepfakes/080_061.mp4
081_087,087,df,Deepfakes/081_087.mp4
082_103,103,df,Deepfakes/082_103.mp4
083_213,213,df,Deepfakes/083_213.mp4
084_042,042,df,Deepfakes/084_042.mp4
085_124,124,df,Deepfakes/085_124.mp4
086_090,090,df,Deepfakes/086_090.mp4
087_081,081,df,Deepfakes/087_081.mp4
088_060,060,df,Deepfakes/088_060.mp4
089_065,065,df,Deepfakes/089_065.mp4
090_086,086,df,Deepfakes/090_086.mp4
091_116,116,df,Deepfakes/091_116.mp4
092_098,098,df,Deepfakes/092_098.mp4
093_121,121,df,Deepfakes/093_121.mp4
094_111,111,df,Deepfakes/094_111.mp4
095_053,053,df,Deepfakes/095_053.mp4
096_101,101,df,Deepfakes/096_101.mp4
097_033,033,df,Deepfakes/097_033.mp4
098_092,092,df,Deepfakes/098_092.mp4
099_295,295,df,Deepfakes/099_295.mp4
100_077,077,df,Deepfakes/100_077.mp4
101_096,096,df,Deepfakes/101_096.mp4
102_114,114,df,Deepfakes/102_114.mp4
103_082,082,df,Deepfakes/103_082.mp4
104_126,126,df,Deepfakes/104_126.mp4
105_180,180,df,Deepfakes/105_180.mp4
106_198,198,df,Deepfakes/106_198.mp4
107_109,109,df,Deepfakes/107_109.mp4
108_052,052,df,Deepfakes/108_052.mp4
109_107,107,df,Deepfakes/109_107.mp4
110_043,043,df,Deepfakes/110_043.mp4
111_094,094,df,Deepfakes/111_094.mp4
112_892,892,df,Deepfakes/112_892.mp4
113_983,983,df,Deepfakes/113_983.mp4
114_102,102,df,Deepfakes/114_102.mp4
115_939,939,df,Deepfakes/115_939.mp4
116_091,091,df,Deepfakes/116_091.mp4
117_217,217,df,Deepfakes/117_217.mp4
118_120,120,df,Deepfakes/118_120.mp4
119_123,123,df,Deepfakes/119_123.mp4
120_118,118,df,Deepfakes/120_118.mp4
121_093,093,df,Deepfakes/121_093.mp4
122_144,144,df,Deepfakes/122_144.mp4
123_119,119,df,Deepfakes/123_119.mp4
124_085,085,df,Deepfakes/124_085.mp4
125_038,038,df,Deepfakes/125_038.mp4
126_104,104,df,Deepfakes/126_104.mp4
127_129,129,df,Deepfakes/127_129.mp4
128_896,896,df,Deepfakes/128_896.mp4
129_127,127,df,Deepfakes/129_127.mp4
130_139,139,df,Deepfakes/130_139.mp4
131_518,518,df,Deepfakes/131_518.mp4
132_007,007,df,Deepfakes/132_007.mp4
133_148,148,df,Deepfakes/133_148.mp4
134_192,192,df,Deepfakes/134_192.mp4
135_880,880,df,Deepfakes/135_880.mp4
136_285,285,df,Deepfakes/136_285.mp4
137_165,165,df,Deepfakes/137_165.mp4
138_142,142,df,Deepfakes/138_142.mp4
139_130,130,df,Deepfakes/139_130.mp4
140_143,143,df,Deepfakes/140_143.mp4
141_161,161,df,Deepfakes/141_161.mp4
142_138,138,df,Deepfakes/142_138.mp4
143_140,140,df,Deepfakes/143_140.mp4
144_122,122,df,Deepfakes/144_122.mp4
145_299,299,df,Deepfakes/145_299.mp4
146_256,256,df,Deepfakes/146_256.mp4
147_055,055,df,Deepfakes/147_055.mp4
148_133,133,df,Deepfakes/148_133.mp4
149_152,152,df,Deepfakes/149_152.mp4
150_153,153,df,Deepfakes/150_153.mp4
151_225,225,df,Deepfakes/151_225.mp4
152_149,149,df,Deepfakes/152_149.mp4
153_150,150,df,Deepfakes/153_150.mp4
154_386,386,df,Deepfakes/154_386.mp4
155_576,576,df,Deepfakes/155_576.mp4
156_243,243,df,Deepfakes/156_243.mp4
157_245,245,df,Deepfakes/157_245.mp4
158_379,379,df,Deepfakes/158_379.mp4
159_175,175,df,Deepfakes/159_175.mp4
160_928,928,df,Deepfakes/160_928.mp4
161_141,141,df,Deepfakes/161_141.mp4
162_330,330,df,Deepfakes/162_330.mp4
163_031,031,df,Deepfakes/163_031.mp4
164_216,216,df,Deepfakes/164_216.mp4
165_137,137,df,Deepfakes/165_137.mp4
166_167,167,df,Deepfakes/166_167.mp4
167_166,166,df,Deepfakes/167_166.mp4
168_222,222,df,Deepfakes/168_222.mp4
169_227,227,df,Deepfakes/169_227.mp4
170_186,186,df,Deepfakes/170_186.mp4
171_173,173,df,Deepfakes/171_173.mp4
172_582,582,df,Deepfakes/172_582.mp4
173_171,171,df,Deepfakes/173_171.mp4
174_964,964,df,Deepfakes/174_964.mp4
175_159,159,df,Deepfakes/175_159.mp4
176_190,190,df,Deepfakes/176_190.mp4
177_211,211,df,Deepfakes/177_211.mp4
178_598,598,df,Deepfakes/178_598.mp4
179_212,212,df,Deepfakes/179_212.mp4
180_105,105,df,Deepfakes/180_105.mp4
181_199,199,df,Deepfakes/181_199.mp4
182_242,242,df,Deepfakes/182_242.mp4
183_253,253,df,Deepfakes/183_253.mp4
184_205,205,df,Deepfakes/184_205.mp4
185_276,276,df,Deepfakes/185_276.mp4
186_170,170,df,Deepfakes/186_170.mp4
187_234,234,df,Deepfakes/187_234.mp4
188_191,191,df,Deepfakes/188_191.mp4
189_200,200,df,Deepfakes/189_200.mp4
190_176,176,df,Deepfakes/190_176.mp4
191_188,188,df,Deepfakes/191_188.mp4
192_134,134,df,Deepfakes/192_134.mp4
193_030,030,df,Deepfakes/193_030.mp4
194_235,235,df,Deepfakes/194_235.mp4
195_442,442,df,Deepfakes/195_442.mp4
196_310,310,df,Deepfakes/196_310.mp4
197_224,224,df,Deepfakes/197_224.mp4
198_106,106,df,Deepfakes/198_106.mp4
199_181,181,df,Deepfakes/199_181.mp4
200_189,189,df,Deepfakes/200_189.mp4
201_203,203,df,Deepfakes/201_203.mp4
202_348,348,df,Deepfakes/202_348.mp4
203_201,201,df,Deepfakes/203_201.mp4
204_230,230,df,Deepfakes/204_230.mp4
205_184,184,df,Deepfakes/205_184.mp4
206_221,221,df,Deepfakes/206_221.mp4
207_908,908,df,Deepfakes/207_908.mp4
208_215,215,df,Deepfakes/208_215.mp4
209_016,016,df,Deepfakes/209_016.mp4
210_241,241,df,Deepfakes/210_241.mp4
211_177,177,df,Deepfakes/211_177.mp4
212_179,179,df,Deepfakes/212_179.mp4
213_083,083,df,Deepfakes/213_083.mp4
214_255,255,df,Deepfakes/214_255.mp4
215_208,208,df,Deepfakes/215_208.mp4
216_164,164,df,Deepfakes/216_164.mp4
217_117,117,df,Deepfakes/217_117.mp4
218_239,239,df,Deepfakes/218_239.mp4
219_220,220,df,Deepfakes/219_220.mp4
220_219,219,df,Deepfakes/220_219.mp4
221_206,206,df,Deepfakes/221_206.mp4
222_168,168,df,Deepfakes/222_168.mp4
223_586,586,df,Deepfakes/223_586.mp4
224_197,197,df,Deepfakes/224_197.mp4
225_151,151,df,Deepfakes/225_151.mp4
226_491,491,df,Deepfakes/226_491.mp4
227_169,169,df,Deepfakes/227_169.mp4
228_289,289,df,Deepfakes/228_289.mp4
229_247,247,df,Deepfakes/229_247.mp4
230_204,204,df,Deepfakes/230_204.mp4
231_663,663,df,Deepfakes/231_663.mp4
232_248,248,df,Deepfakes/232_248.mp4
233_995,995,df,Deepfakes/233_995.mp4
234_187,187,df,Deepfakes/234_187.mp4
235_194,194,df,Deepfakes/235_194.mp4
236_237,237,df,Deepfakes/236_237.mp4
237_236,236,df,Deepfakes/237_236.mp4
238_282,282,df,Deepfakes/238_282.mp4
239_218,218,df,Deepfakes/239_218.mp4
240_290,290,df,Deepfakes/240_290.mp4
241_210,210,df,Deepfakes/241_210.mp4
242_182,182,df,Deepfakes/242_182.mp4
243_156,156,df,Deepfakes/243_156.mp4
244_822,822,df,Deepfakes/244_822.mp4
245_157,157,df,Deepfakes/245_157.mp4
246_258,258,df,Deepfakes/246_258.mp4
247_229,229,df,Deepfakes/247_229.mp4
248_232,232,df,Deepfakes/248_232.mp4
249_280,280,df,Deepfakes/249_280.mp4
250_461,461,df,Deepfakes/250_461.mp4
251_375,375,df,Deepfakes/251_375.mp4
252_266,266,df,Deepfakes/252_266.mp4
253_183,183,df,Deepfakes/253_183.mp4
254_261,261,df,Deepfakes/254_261.mp4
255_214,214,df,Deepfakes/255_214.mp4
256_146,146,df,Deepfakes/256_146.mp4
257_420,420,df,Deepfakes/257_420.mp4
258_246,246,df,Deepfakes/258_246.mp4
259_345,345,df,Deepfakes/259_345.mp4
260_331,331,df,Deepfakes/260_331.mp4
261_254,254,df,Deepfakes/261_254.mp4
262_301,301,df,Deepfakes/262_301.mp4
263_284,284,df,Deepfakes/263_284.mp4
264_271,271,df,Deepfakes/264_271.mp4
265_475,475,df,Deepfakes/265_475.mp4
266_252,252,df,Deepfakes/266_252.mp4
267_286,286,df,Deepfakes/267_286.mp4
268_269,269,df,Deepfakes/268_269.mp4
269_268,268,df,Deepfakes/269_268.mp4
270_297,297,df,Deepfakes/270_297.mp4
271_264,264,df,Deepfakes/271_264.mp4
272_396,396,df,Deepfakes/272_396.mp4
273_807,807,df,Deepfakes/273_807.mp4
274_412,412,df,Deepfakes/274_412.mp4
275_887,887,df,Deepfakes/275_887.mp4
276_185,185,df,Deepfakes/276_185.mp4
277_335,335,df,Deepfakes/277_335.mp4
278_306,306,df,Deepfakes/278_306.mp4
279_298,298,df,Deepfakes/279_298.mp4
280_249,249,df,Deepfakes/280_249.mp4
281_474,474,df,Deepfakes/281_474.mp4
282_238,238,df,Deepfakes/282_238.mp4
283_313,313,df,Deepfakes/283_313.mp4
284_263,263,df,Deepfakes/284_263.mp4
285_136,136,df,Deepfakes/285_136.mp4
286_267,267,df,Deepfakes/286_267.mp4
287_426,426,df,Deepfakes/287_426.mp4
288_321,321,df,Deepfakes/288_321.mp4
289_228,228,df,Deepfakes/289_228.mp4
290_240,240,df,Deepfakes/290_240.mp4
291_874,874,df,Deepfakes/291_874.mp4
292_294,294,df,Deepfakes/292_294.mp4
293_296,296,df,Deepfakes/293_296.mp4
294_292,292,df,Deepfakes/294_292.mp4
295_099,099,df,Deepfakes/295_099.mp4
296_293,293,df,Deepfakes/296_293.mp4
297_270,270,df,Deepfakes/297_270.mp4
298_279,279,df,Deepfakes/298_279.mp4
299_145,145,df,Deepfakes/299_145.mp4
300_304,304,df,Deepfakes/300_304.mp4
301_262,262,df,Deepfakes/301_262.mp4
302_323,323,df,Deepfakes/302_323.mp4
303_309,309,df,Deepfakes/303_309.mp4
304_300,300,df,Deepfakes/304_300.mp4
305_513,513,df,Deepfakes/305_513.mp4
306_278,278,df,Deepfakes/306_278.mp4
307_365,365,df,Deepfakes/307_365.mp4
308_388,388,df,Deepfakes/308_388.mp4
309_303,303,df,Deepfakes/309_303.mp4
310_196,196,df,Deepfakes/310_196.mp4
311_387,387,df,Deepfakes/311_387.mp4
312_021,021,df,Deepfakes/312_021.mp4
313_283,283,df,Deepfakes/313_283.mp4
314_347,347,df,Deepfakes/314_347.mp4
315_322,322,df,Deepfakes/315_322.mp4
316_369,369,df,Deepfakes/316_369.mp4
317_359,359,df,Deepfakes/317_359.mp4
318_334,334,df,Deepfakes/318_334.mp4
319_352,352,df,Deepfakes/319_352.mp4
320_328,328,df,Deepfakes/320_328.mp4
321_288,288,df,Deepfakes/321_288.mp4
322_315,315,df,Deepfakes/322_315.mp4
323_302,302,df,Deepfakes/323_302.mp4
324_356,356,df,Deepfakes/324_356.mp4
325_492,492,df,Deepfakes/325_492.mp4
326_501,501,df,Deepfakes/326_501.mp4
327_329,329,df,Deepfakes/327_329.mp4
328_320,320,df,Deepfakes/328_320.mp4
329_327,327,df,Deepfakes/329_327.mp4
330_162,162,df,Deepfakes/330_162.mp4
331_260,260,df,Deepfakes/331_260.mp4
332_051,051,df,Deepfakes/332_051.mp4
333_377,377,df,Deepfakes/333_377.mp4
334_318,318,df,Deepfakes/334_318.mp4
335_277,277,df,Deepfakes/335_277.mp4
336_338,338,df,Deepfakes/336_338.mp4
337_522,522,df,Deepfakes/337_522.mp4
338_336,336,df,Deepfakes/338_336.mp4
339_392,392,df,Deepfakes/339_392.mp4
340_341,341,df,Deepfakes/340_341.mp4
341_340,340,df,Deepfakes/341_340.mp4
342_416,416,df,Deepfakes/342_416.mp4
343_363,363,df,Deepfakes/343_363.mp4
344_020,020,df,Deepfakes/344_020.mp4
345_259,259,df,Deepfakes/345_259.mp4
346_351,351,df,Deepfakes/346_351.mp4
347_314,314,df,Deepfakes/347_314.mp4
348_202,202,df,Deepfakes/348_202.mp4
349_350,350,df,Deepfakes/349_350.mp4
350_349,349,df,Deepfakes/350_349.mp4
351_346,346,df,Deepfakes/351_346.mp4
352_319,319,df,Deepfakes/352_319.mp4
353_383,383,df,Deepfakes/353_383.mp4
354_362,362,df,Deepfakes/354_362.mp4
355_748,748,df,Deepfakes/355_748.mp4
356_324,324,df,Deepfakes/356_324.mp4
357_432,432,df,Deepfakes/357_432.mp4
358_380,380,df,Deepfakes/358_380.mp4
359_317,317,df,Deepfakes/359_317.mp4
360_437,437,df,Deepfakes/360_437.mp4
361_448,448,df,Deepfakes/361_448.mp4
362_354,354,df,Deepfakes/362_354.mp4
363_343,343,df,Deepfakes/363_343.mp4
364_440,440,df,Deepfakes/364_440.mp4
365_307,307,df,Deepfakes/365_307.mp4
366_473,473,df,Deepfakes/366_473.mp4
367_371,371,df,Deepfakes/367_371.mp4
368_378,378,df,Deepfakes/368_378.mp4
369_316,316,df,Deepfakes/369_316.mp4
370_483,483,df,Deepfakes/370_483.mp4
371_367,367,df,Deepfakes/371_367.mp4
372_413,413,df,Deepfakes/372_413.mp4
373_394,394,df,Deepfakes/373_394.mp4
374_407,407,df,Deepfakes/374_407.mp4
375_251,251,df,Deepfakes/375_251.mp4
376_381,381,df,Deepfakes/376_381.mp4
377_333,333,df,Deepfakes/377_333.mp4
378_368,368,df,Deepfakes/378_368.mp4
379_158,158,df,Deepfakes/379_158.mp4
380_358,358,df,Deepfakes/380_358.mp4
381_376,376,df,Deepfakes/381_376.mp4
382_409,409,df,Deepfakes/382_409.mp4
383_353,353,df,Deepfakes/383_353.mp4
384_932,932,df,Deepfakes/384_932.mp4
385_414,414,df,Deepfakes/385_414.mp4
386_154,154,df,Deepfakes/386_154.mp4
387_311,311,df,Deepfakes/387_311.mp4
388_308,308,df,Deepfakes/388_308.mp4
389_480,480,df,Deepfakes/389_480.mp4
390_709,709,df,Deepfakes/390_709.mp4
391_406,406,df,Deepfakes/391_406.mp4
392_339,339,df,Deepfakes/392_339.mp4
393_405,405,df,Deepfakes/393_405.mp4
394_373,373,df,Deepfakes/394_373.mp4
395_401,401,df,Deepfakes/395_401.mp4
396_272,272,df,Deepfakes/396_272.mp4
397_602,602,df,Deepfakes/397_602.mp4
398_457,457,df,Deepfakes/398_457.mp4
399_488,488,df,Deepfakes/399_488.mp4
400_476,476,df,Deepfakes/400_476.mp4
401_395,395,df,Deepfakes/401_395.mp4
402_453,453,df,Deepfakes/402_453.mp4
403_497,497,df,Deepfakes/403_497.mp4
404_429,429,df,Deepfakes/404_429.mp4
405_393,393,df,Deepfakes/405_393.mp4
406_391,391,df,Deepfakes/406_391.mp4
407_374,374,df,Deepfakes/407_374.mp4
408_424,424,df,Deepfakes/408_424.mp4
409_382,382,df,Deepfakes/409_382.mp4
410_411,411,df,Deepfakes/410_411.mp4
411_410,410,df,Deepfakes/411_410.mp4
412_274,274,df,Deepfakes/412_274.mp4
413_372,372,df,Deepfakes/413_372.mp4
414_385,385,df,Deepfakes/414_385.mp4
415_484,484,df,Deepfakes/415_484.mp4
416_342,342,df,Deepfakes/416_342.mp4
417_496,496,df,Deepfakes/417_496.mp4
418_507,507,df,Deepfakes/418_507.mp4
419_824,824,df,Deepfakes/419_824.mp4
420_257,257,df,Deepfakes/420_257.mp4
421_423,423,df,Deepfakes/421_423.mp4
422_695,695,df,Deepfakes/422_695.mp4
423_421,421,df,Deepfakes/423_421.mp4
424_408,408,df,Deepfakes/424_408.mp4
425_485,485,df,Deepfakes/425_485.mp4
426_287,287,df,Deepfakes/426_287.mp4
427_637,637,df,Deepfakes/427_637.mp4
428_466,466,df,Deepfakes/428_466.mp4
429_404,404,df,Deepfakes/429_404.mp4
430_459,459,df,Deepfakes/430_459.mp4
431_447,447,df,Deepfakes/431_447.mp4
432_357,357,df,Deepfakes/432_357.mp4
433_498,498,df,Deepfakes/433_498.mp4
434_438,438,df,Deepfakes/434_438.mp4
435_456,456,df,Deepfakes/435_456.mp4
436_526,526,df,Deepfakes/436_526.mp4
437_360,360,df,Deepfakes/437_360.mp4
438_434,434,df,Deepfakes/438_434.mp4
439_441,441,df,Deepfakes/439_441.mp4
440_364,364,df,Deepfakes/440_364.mp4
441_439,439,df,Deepfakes/441_439.mp4
442_195,195,df,Deepfakes/442_195.mp4
443_514,514,df,Deepfakes/443_514.mp4
444_655,655,df,Deepfakes/444_655.mp4
445_494,494,df,Deepfakes/445_494.mp4
446_667,667,df,Deepfakes/446_667.mp4
447_431,431,df,Deepfakes/447_431.mp4
448_361,361,df,Deepfakes/448_361.mp4
449_451,451,df,Deepfakes/449_451.mp4
450_533,533,df,Deepfakes/450_533.mp4
451_449,449,df,Deepfakes/451_449.mp4
452_550,550,df,Deepfakes/452_550.mp4
453_402,402,df,Deepfakes/453_402.mp4
454_527,527,df,Deepfakes/454_527.mp4
455_471,471,df,Deepfakes/455_471.mp4
456_435,435,df,Deepfakes/456_435.mp4
457_398,398,df,Deepfakes/457_398.mp4
458_722,722,df,Deepfakes/458_722.mp4
459_430,430,df,Deepfakes/459_430.mp4
460_678,678,df,Deepfakes/460_678.mp4
461_250,250,df,Deepfakes/461_250.mp4
462_467,467,df,Deepfakes/462_467.mp4
463_464,464,df,Deepfakes/463_464.mp4
464_463,463,df,Deepfakes/464_463.mp4
465_482,482,df,Deepfakes/465_482.mp4
466_428,428,df,Deepfakes/466_428.mp4
467_462,462,df,Deepfakes/467_462.mp4
468_470,470,df,Deepfakes/468_470.mp4
469_481,481,df,Deepfakes/469_481.mp4
470_468,468,df,Deepfakes/470_468.mp4
471_455,455,df,Deepfakes/471_455.mp4
472_511,511,df,Deepfakes/472_511.mp4
473_366,366,df,Deepfakes/473_366.mp4
474_281,281,df,Deepfakes/474_281.mp4
475_265,265,df,Deepfakes/475_265.mp4
476_400,400,df,Deepfakes/476_400.mp4
477_487,487,df,Deepfakes/477_487.mp4
478_506,506,df,Deepfakes/478_506.mp4
479_706,706,df,Deepfakes/479_706.mp4
480_389,389,df,Deepfakes/480_389.mp4
481_469,469,df,Deepfakes/481_469.mp4
482_465,465,df,Deepfakes/482_465.mp4
483_370,370,df,Deepfakes/483_370.mp4
484_415,415,df,Deepfakes/484_415.mp4
485_425,425,df,Deepfakes/485_425.mp4
486_680,680,df,Deepfakes/486_680.mp4
487_477,477,df,Deepfakes/487_477.mp4
488_399,399,df,Deepfakes/488_399.mp4
489_022,022,df,Deepfakes/489_022.mp4
490_534,534,df,Deepfakes/490_534.mp4
491_226,226,df,Deepfakes/491_226.mp4
492_325,325,df,Deepfakes/492_325.mp4
493_538,538,df,Deepfakes/493_538.mp4
494_445,445,df,Deepfakes/494_445.mp4
495_512,512,df,Deepfakes/495_512.mp4
496_417,417,df,Deepfakes/496_417.mp4
497_403,403,df,Deepfakes/497_403.mp4
498_433,433,df,Deepfakes/498_433.mp4
499_539,539,df,Deepfakes/499_539.mp4
500_592,592,df,Deepfakes/500_592.mp4
501_326,326,df,Deepfakes/501_326.mp4
502_504,504,df,Deepfakes/502_504.mp4
503_756,756,df,Deepfakes/503_756.mp4
504_502,502,df,Deepfakes/504_502.mp4
505_600,600,df,Deepfakes/505_600.mp4
506_478,478,df,Deepfakes/506_478.mp4
507_418,418,df,Deepfakes/507_418.mp4
508_831,831,df,Deepfakes/508_831.mp4
509_525,525,df,Deepfakes/509_525.mp4
510_528,528,df,Deepfakes/510_528.mp4
511_472,472,df,Deepfakes/511_472.mp4
512_495,495,df,Deepfakes/512_495.mp4
513_305,305,df,Deepfakes/513_305.mp4
514_443,443,df,Deepfakes/514_443.mp4
515_519,519,df,Deepfakes/515_519.mp4
516_555,555,df,Deepfakes/516_555.mp4
517_521,521,df,Deepfakes/517_521.mp4
518_131,131,df,Deepfakes/518_131.mp4
519_515,515,df,Deepfakes/519_515.mp4
520_542,542,df,Deepfakes/520_542.mp4
521_517,517,df,Deepfakes/521_517.mp4
522_337,337,df,Deepfakes/522_337.mp4
523_541,541,df,Deepfakes/523_541.mp4
524_580,580,df,Deepfakes/524_580.mp4
525_509,509,df,Deepfakes/525_509.mp4
526_436,436,df,Deepfakes/526_436.mp4
527_454,454,df,Deepfakes/527_454.mp4
528_510,510,df,Deepfakes/528_510.mp4
529_633,633,df,Deepfakes/529_633.mp4
530_594,594,df,Deepfakes/530_594.mp4
531_549,549,df,Deepfakes/531_549.mp4
532_544,544,df,Deepfakes/532_544.mp4
533_450,450,df,Deepfakes/533_450.mp4
534_490,490,df,Deepfakes/534_490.mp4
535_587,587,df,Deepfakes/535_587.mp4
536_540,540,df,Deepfakes/536_540.mp4
537_563,563,df,Deepfakes/537_563.mp4
538_493,493,df,Deepfakes/538_493.mp4
539_499,499,df,Deepfakes/539_499.mp4
540_536,536,df,Deepfakes/540_536.mp4
541_523,523,df,Deepfakes/541_523.mp4
542_520,520,df,Deepfakes/542_520.mp4
543_559,559,df,Deepfakes/543_559.mp4
544_532,532,df,Deepfakes/544_532.mp4
545_553,553,df,Deepfakes/545_553.mp4
546_621,621,df,Deepfakes/546_621.mp4
547_574,574,df,Deepfakes/547_574.mp4
548_632,632,df,Deepfakes/548_632.mp4
549_531,531,df,Deepfakes/549_531.mp4
550_452,452,df,Deepfakes/550_452.mp4
551_631,631,df,Deepfakes/551_631.mp4
552_851,851,df,Deepfakes/552_851.mp4
553_545,545,df,Deepfakes/553_545.mp4
554_572,572,df,Deepfakes/554_572.mp4
555_516,516,df,Deepfakes/555_516.mp4
556_588,588,df,Deepfakes/556_588.mp4
557_560,560,df,Deepfakes/557_560.mp4
558_583,583,df,Deepfakes/558_583.mp4
559_543,543,df,Deepfakes/559_543.mp4
560_557,557,df,Deepfakes/560_557.mp4
561_998,998,df,Deepfakes/561_998.mp4
562_626,626,df,Deepfakes/562_626.mp4
563_537,537,df,Deepfakes/563_537.mp4
564_971,971,df,Deepfakes/564_971.mp4
565_589,589,df,Deepfakes/565_589.mp4
566_617,617,df,Deepfakes/566_617.mp4
567_606,606,df,Deepfakes/567_606.mp4
568_628,628,df,Deepfakes/568_628.mp4
569_921,921,df,Deepfakes/569_921.mp4
570_624,624,df,Deepfakes/570_624.mp4
571_746,746,df,Deepfakes/571_746.mp4
572_554,554,df,Deepfakes/572_554.mp4
573_757,757,df,Deepfakes/573_757.mp4
574_547,547,df,Deepfakes/574_547.mp4
575_603,603,df,Deepfakes/575_603.mp4
576_155,155,df,Deepfakes/576_155.mp4
577_593,593,df,Deepfakes/577_593.mp4
578_636,636,df,Deepfakes/578_636.mp4
579_701,701,df,Deepfakes/579_701.mp4
580_524,524,df,Deepfakes/580_524.mp4
581_697,697,df,Deepfakes/581_697.mp4
582_172,172,df,Deepfakes/582_172.mp4
583_558,558,df,Deepfakes/583_558.mp4
584_823,823,df,Deepfakes/584_823.mp4
585_599,599,df,Deepfakes/585_599.mp4
586_223,223,df,Deepfakes/586_223.mp4
587_535,535,df,Deepfakes/587_535.mp4
588_556,556,df,Deepfakes/588_556.mp4
589_565,565,df,Deepfakes/589_565.mp4
590_034,034,df,Deepfakes/590_034.mp4
591_605,605,df,Deepfakes/591_605.mp4
592_500,500,df,Deepfakes/592_500.mp4
593_577,577,df,Deepfakes/593_577.mp4
594_530,530,df,Deepfakes/594_530.mp4
595_597,597,df,Deepfakes/595_597.mp4
596_609,609,df,Deepfakes/596_609.mp4
597_595,595,df,Deepfakes/597_595.mp4
598_178,178,df,Deepfakes/598_178.mp4
599_585,585,df,Deepfakes/599_585.mp4
600_505,505,df,Deepfakes/600_505.mp4
601_653,653,df,Deepfakes/601_653.mp4
602_397,397,df,Deepfakes/602_397.mp4
603_575,575,df,Deepfakes/603_575.mp4
604_703,703,df,Deepfakes/604_703.mp4
605_591,591,df,Deepfakes/605_591.mp4
606_567,567,df,Deepfakes/606_567.mp4
607_683,683,df,Deepfakes/607_683.mp4
608_675,675,df,Deepfakes/608_675.mp4
609_596,596,df,Deepfakes/609_596.mp4
610_692,692,df,Deepfakes/610_692.mp4
611_760,760,df,Deepfakes/611_760.mp4
612_702,702,df,Deepfakes/612_702.mp4
613_685,685,df,Deepfakes/613_685.mp4
614_616,616,df,Deepfakes/614_616.mp4
615_687,687,df,Deepfakes/615_687.mp4
616_614,614,df,Deepfakes/616_614.mp4
617_566,566,df,Deepfakes/617_566.mp4
618_629,629,df,Deepfakes/618_629.mp4
619_620,620,df,Deepfakes/619_620.mp4
620_619,619,df,Deepfakes/620_619.mp4
621_546,546,df,Deepfakes/621_546.mp4
622_647,647,df,Deepfakes/622_647.mp4
623_630,630,df,Deepfakes/623_630.mp4
624_570,570,df,Deepfakes/624_570.mp4
625_650,650,df,Deepfakes/625_650.mp4
626_562,562,df,Deepfakes/626_562.mp4
627_658,658,df,Deepfakes/627_658.mp4
628_568,568,df,Deepfakes/628_568.mp4
629_618,618,df,Deepfakes/629_618.mp4
630_623,623,df,Deepfakes/630_623.mp4
631_551,551,df,Deepfakes/631_551.mp4
632_548,548,df,Deepfakes/632_548.mp4
633_529,529,df,Deepfakes/633_529.mp4
634_660,660,df,Deepfakes/634_660.mp4
635_642,642,df,Deepfakes/635_642.mp4
636_578,578,df,Deepfakes/636_578.mp4
637_427,427,df,Deepfakes/637_427.mp4
638_640,640,df,Deepfakes/638_640.mp4
639_841,841,df,Deepfakes/639_841.mp4
640_638,638,df,Deepfakes/640_638.mp4
641_662,662,df,Deepfakes/641_662.mp4
642_635,635,df,Deepfakes/642_635.mp4
643_646,646,df,Deepfakes/643_646.mp4
644_657,657,df,Deepfakes/644_657.mp4
645_688,688,df,Deepfakes/645_688.mp4
646_643,643,df,Deepfakes/646_643.mp4
647_622,622,df,Deepfakes/647_622.mp4
648_654,654,df,Deepfakes/648_654.mp4
649_816,816,df,Deepfakes/649_816.mp4
650_625,625,df,Deepfakes/650_625.mp4
651_835,835,df,Deepfakes/651_835.mp4
652_773,773,df,Deepfakes/652_773.mp4
653_601,601,df,Deepfakes/653_601.mp4
654_648,648,df,Deepfakes/654_648.mp4
655_444,444,df,Deepfakes/655_444.mp4
656_666,666,df,Deepfakes/656_666.mp4
657_644,644,df,Deepfakes/657_644.mp4
658_627,627,df,Deepfakes/658_627.mp4
659_749,749,df,Deepfakes/659_749.mp4
660_634,634,df,Deepfakes/660_634.mp4
661_670,670,df,Deepfakes/661_670.mp4
662_641,641,df,Deepfakes/662_641.mp4
663_231,231,df,Deepfakes/663_231.mp4
664_668,668,df,Deepfakes/664_668.mp4
665_679,679,df,Deepfakes/665_679.mp4
666_656,656,df,Deepfakes/666_656.mp4
667_446,446,df,Deepfakes/667_446.mp4
668_664,664,df,Deepfakes/668_664.mp4
669_682,682,df,Deepfakes/669_682.mp4
670_661,661,df,Deepfakes/670_661.mp4
671_677,677,df,Deepfakes/671_677.mp4
672_720,720,df,Deepfakes/672_720.mp4
673_728,728,df,Deepfakes/673_728.mp4
674_744,744,df,Deepfakes/674_744.mp4
675_608,608,df,Deepfakes/675_608.mp4
676_776,776,df,Deepfakes/676_776.mp4
677_671,671,df,Deepfakes/677_671.mp4
678_460,460,df,Deepfakes/678_460.mp4
679_665,665,df,Deepfakes/679_665.mp4
680_486,486,df,Deepfakes/680_486.mp4
681_711,711,df,Deepfakes/681_711.mp4
682_669,669,df,Deepfakes/682_669.mp4
683_607,607,df,Deepfakes/683_607.mp4
684_717,717,df,Deepfakes/684_717.mp4
685_613,613,df,Deepfakes/685_613.mp4
686_696,696,df,Deepfakes/686_696.mp4
687_615,615,df,Deepfakes/687_615.mp4
688_645,645,df,Deepfakes/688_645.mp4
689_690,690,df,Deepfakes/689_690.mp4
690_689,689,df,Deepfakes/690_689.mp4
691_732,732,df,Deepfakes/691_732.mp4
692_610,610,df,Deepfakes/692_610.mp4
693_698,698,df,Deepfakes/693_698.mp4
694_767,767,df,Deepfakes/694_767.mp4
695_422,422,df,Deepfakes/695_422.mp4
696_686,686,df,Deepfakes/696_686.mp4
697_581,581,df,Deepfakes/697_581.mp4
698_693,693,df,Deepfakes/698_693.mp4
699_734,734,df,Deepfakes/699_734.mp4
700_813,813,df,Deepfakes/700_813.mp4
701_579,579,df,Deepfakes/701_579.mp4
702_612,612,df,Deepfakes/702_612.mp4
703_604,604,df,Deepfakes/703_604.mp4
704_723,723,df,Deepfakes/704_723.mp4
705_707,707,df,Deepfakes/705_707.mp4
706_479,479,df,Deepfakes/706_479.mp4
707_705,705,df,Deepfakes/707_705.mp4
708_772,772,df,Deepfakes/708_772.mp4
709_390,390,df,Deepfakes/709_390.mp4
710_788,788,df,Deepfakes/710_788.mp4
711_681,681,df,Deepfakes/711_681.mp4
712_716,716,df,Deepfakes/712_716.mp4
713_726,726,df,Deepfakes/713_726.mp4
714_842,842,df,Deepfakes/714_842.mp4
715_721,721,df,Deepfakes/715_721.mp4
716_712,712,df,Deepfakes/716_712.mp4
717_684,684,df,Deepfakes/717_684.mp4
718_972,972,df,Deepfakes/718_972.mp4
719_737,737,df,Deepfakes/719_737.mp4
720_672,672,df,Deepfakes/720_672.mp4
721_715,715,df,Deepfakes/721_715.mp4
722_458,458,df,Deepfakes/722_458.mp4
723_704,704,df,Deepfakes/723_704.mp4
724_725,725,df,Deepfakes/724_725.mp4
725_724,724,df,Deepfakes/725_724.mp4
726_713,713,df,Deepfakes/726_713.mp4
727_729,729,df,Deepfakes/727_729.mp4
728_673,673,df,Deepfakes/728_673.mp4
729_727,727,df,Deepfakes/729_727.mp4
730_815,815,df,Deepfakes/730_815.mp4
731_741,741,df,Deepfakes/731_741.mp4
732_691,691,df,Deepfakes/732_691.mp4
733_935,935,df,Deepfakes/733_935.mp4
734_699,699,df,Deepfakes/734_699.mp4
735_774,774,df,Deepfakes/735_774.mp4
736_785,785,df,Deepfakes/736_785.mp4
737_719,719,df,Deepfakes/737_719.mp4
738_804,804,df,Deepfakes/738_804.mp4
739_865,865,df,Deepfakes/739_865.mp4
740_796,796,df,Deepfakes/740_796.mp4
741_731,731,df,Deepfakes/741_731.mp4
742_775,775,df,Deepfakes/742_775.mp4
743_750,750,df,Deepfakes/743_750.mp4
744_674,674,df,Deepfakes/744_674.mp4
745_777,777,df,Deepfakes/745_777.mp4
746_571,571,df,Deepfakes/746_571.mp4
747_854,854,df,Deepfakes/747_854.mp4
748_355,355,df,Deepfakes/748_355.mp4
749_659,659,df,Deepfakes/749_659.mp4
750_743,743,df,Deepfakes/750_743.mp4
751_752,752,df,Deepfakes/751_752.mp4
752_751,751,df,Deepfakes/752_751.mp4
753_789,789,df,Deepfakes/753_789.mp4
754_758,758,df,Deepfakes/754_758.mp4
755_759,759,df,Deepfakes/755_759.mp4
756_503,503,df,Deepfakes/756_503.mp4
757_573,573,df,Deepfakes/757_573.mp4
758_754,754,df,Deepfakes/758_754.mp4
759_755,755,df,Deepfakes/759_755.mp4
760_611,611,df,Deepfakes/760_611.mp4
761_766,766,df,Deepfakes/761_766.mp4
762_832,832,df,Deepfakes/762_832.mp4
763_930,930,df,Deepfakes/763_930.mp4
764_850,850,df,Deepfakes/764_850.mp4
765_867,867,df,Deepfakes/765_867.mp4
766_761,761,df,Deepfakes/766_761.mp4
767_694,694,df,Deepfakes/767_694.mp4
768_793,793,df,Deepfakes/768_793.mp4
769_784,784,df,Deepfakes/769_784.mp4
770_791,791,df,Deepfakes/770_791.mp4
771_849,849,df,Deepfakes/771_849.mp4
772_708,708,df,Deepfakes/772_708.mp4
773_652,652,df,Deepfakes/773_652.mp4
774_735,735,df,Deepfakes/774_735.mp4
775_742,742,df,Deepfakes/775_742.mp4
776_676,676,df,Deepfakes/776_676.mp4
777_745,745,df,Deepfakes/777_745.mp4
778_798,798,df,Deepfakes/778_798.mp4
779_794,794,df,Deepfakes/779_794.mp4
780_869,869,df,Deepfakes/780_869.mp4
781_806,806,df,Deepfakes/781_806.mp4
782_787,787,df,Deepfakes/782_787.mp4
783_916,916,df,Deepfakes/783_916.mp4
784_769,769,df,Deepfakes/784_769.mp4
785_736,736,df,Deepfakes/785_736.mp4
786_819,819,df,Deepfakes/786_819.mp4
787_782,782,df,Deepfakes/787_782.mp4
788_710,710,df,Deepfakes/788_710.mp4
789_753,753,df,Deepfakes/789_753.mp4
790_014,014,df,Deepfakes/790_014.mp4
791_770,770,df,Deepfakes/791_770.mp4
792_903,903,df,Deepfakes/792_903.mp4
793_768,768,df,Deepfakes/793_768.mp4
794_779,779,df,Deepfakes/794_779.mp4
795_907,907,df,Deepfakes/795_907.mp4
796_740,740,df,Deepfakes/796_740.mp4
797_844,844,df,Deepfakes/797_844.mp4
798_778,778,df,Deepfakes/798_778.mp4
799_809,809,df,Deepfakes/799_809.mp4
800_840,840,df,Deepfakes/800_840.mp4
801_855,855,df,Deepfakes/801_855.mp4
802_885,885,df,Deepfakes/802_885.mp4
803_017,017,df,Deepfakes/803_017.mp4
804_738,738,df,Deepfakes/804_738.mp4
805_011,011,df,Deepfakes/805_011.mp4
806_781,781,df,Deepfakes/806_781.mp4
807_273,273,df,Deepfakes/807_273.mp4
808_829,829,df,Deepfakes/808_829.mp4
809_799,799,df,Deepfakes/809_799.mp4
810_838,838,df,Deepfakes/810_838.mp4
811_920,920,df,Deepfakes/811_920.mp4
812_821,821,df,Deepfakes/812_821.mp4
813_700,700,df,Deepfakes/813_700.mp4
814_871,871,df,Deepfakes/814_871.mp4
815_730,730,df,Deepfakes/815_730.mp4
816_649,649,df,Deepfakes/816_649.mp4
817_827,827,df,Deepfakes/817_827.mp4
818_820,820,df,Deepfakes/818_820.mp4
819_786,786,df,Deepfakes/819_786.mp4
820_818,818,df,Deepfakes/820_818.mp4
821_812,812,df,Deepfakes/821_812.mp4
822_244,244,df,Deepfakes/822_244.mp4
823_584,584,df,Deepfakes/823_584.mp4
824_419,419,df,Deepfakes/824_419.mp4
825_074,074,df,Deepfakes/825_074.mp4
826_833,833,df,Deepfakes/826_833.mp4
827_817,817,df,Deepfakes/827_817.mp4
828_830,830,df,Deepfakes/828_830.mp4
829_808,808,df,Deepfakes/829_808.mp4
830_828,828,df,Deepfakes/830_828.mp4
831_508,508,df,Deepfakes/831_508.mp4
832_762,762,df,Deepfakes/832_762.mp4
833_826,826,df,Deepfakes/833_826.mp4
834_852,852,df,Deepfakes/834_852.mp4
835_651,651,df,Deepfakes/835_651.mp4
836_950,950,df,Deepfakes/836_950.mp4
837_890,890,df,Deepfakes/837_890.mp4
838_810,810,df,Deepfakes/838_810.mp4
839_864,864,df,Deepfakes/839_864.mp4
840_800,800,df,Deepfakes/840_800.mp4
841_639,639,df,Deepfakes/841_639.mp4
842_714,714,df,Deepfakes/842_714.mp4
843_859,859,df,Deepfakes/843_859.mp4
844_797,797,df,Deepfakes/844_797.mp4
845_846,846,df,Deepfakes/845_846.mp4
846_845,845,df,Deepfakes/846_845.mp4
847_906,906,df,Deepfakes/847_906.mp4
848_894,894,df,Deepfakes/848_894.mp4
849_771,771,df,Deepfakes/849_771.mp4
850_764,764,df,Deepfakes/850_764.mp4
851_552,552,df,Deepfakes/851_552.mp4
852_834,834,df,Deepfakes/852_834.mp4
853_863,863,df,Deepfakes/853_863.mp4
854_747,747,df,Deepfakes/854_747.mp4
855_801,801,df,Deepfakes/855_801.mp4
856_881,881,df,Deepfakes/856_881.mp4
857_909,909,df,Deepfakes/857_909.mp4
858_861,861,df,Deepfakes/858_861.mp4
859_843,843,df,Deepfakes/859_843.mp4
860_905,905,df,Deepfakes/860_905.mp4
861_858,858,df,Deepfakes/861_858.mp4
862_047,047,df,Deepfakes/862_047.mp4
863_853,853,df,Deepfakes/863_853.mp4
864_839,839,df,Deepfakes/864_839.mp4
865_739,739,df,Deepfakes/865_739.mp4
866_878,878,df,Deepfakes/866_878.mp4
867_765,765,df,Deepfakes/867_765.mp4
868_949,949,df,Deepfakes/868_949.mp4
869_780,780,df,Deepfakes/869_780.mp4
870_001,001,df,Deepfakes/870_001.mp4
871_814,814,df,Deepfakes/871_814.mp4
872_873,873,df,Deepfakes/872_873.mp4
873_872,872,df,Deepfakes/873_872.mp4
874_291,291,df,Deepfakes/874_291.mp4
875_979,979,df,Deepfakes/875_979.mp4
876_891,891,df,Deepfakes/876_891.mp4
877_886,886,df,Deepfakes/877_886.mp4
878_866,866,df,Deepfakes/878_866.mp4
879_963,963,df,Deepfakes/879_963.mp4
880_135,135,df,Deepfakes/880_135.mp4
881_856,856,df,Deepfakes/881_856.mp4
882_952,952,df,Deepfakes/882_952.mp4
883_013,013,df,Deepfakes/883_013.mp4
884_968,968,df,Deepfakes/884_968.mp4
885_802,802,df,Deepfakes/885_802.mp4
886_877,877,df,Deepfakes/886_877.mp4
887_275,275,df,Deepfakes/887_275.mp4
888_937,937,df,Deepfakes/888_937.mp4
889_045,045,df,Deepfakes/889_045.mp4
890_837,837,df,Deepfakes/890_837.mp4
891_876,876,df,Deepfakes/891_876.mp4
892_112,112,df,Deepfakes/892_112.mp4
893_913,913,df,Deepfakes/893_913.mp4
894_848,848,df,Deepfakes/894_848.mp4
895_915,915,df,Deepfakes/895_915.mp4
896_128,128,df,Deepfakes/896_128.mp4
897_969,969,df,Deepfakes/897_969.mp4
898_922,922,df,Deepfakes/898_922.mp4
899_914,914,df,Deepfakes/899_914.mp4
900_926,926,df,Deepfakes/900_926.mp4
901_902,902,df,Deepfakes/901_902.mp4
902_901,901,df,Deepfakes/902_901.mp4
903_792,792,df,Deepfakes/903_792.mp4
904_046,046,df,Deepfakes/904_046.mp4
905_860,860,df,Deepfakes/905_860.mp4
906_847,847,df,Deepfakes/906_847.mp4
907_795,795,df,Deepfakes/907_795.mp4
908_207,207,df,Deepfakes/908_207.mp4
909_857,857,df,Deepfakes/909_857.mp4
910_911,911,df,Deepfakes/910_911.mp4
911_910,910,df,Deepfakes/911_910.mp4
912_927,927,df,Deepfakes/912_927.mp4
913_893,893,df,Deepfakes/913_893.mp4
914_899,899,df,Deepfakes/914_899.mp4
915_895,895,df,Deepfakes/915_895.mp4
916_783,783,df,Deepfakes/916_783.mp4
917_924,924,df,Deepfakes/917_924.mp4
918_934,934,df,Deepfakes/918_934.mp4
919_015,015,df,Deepfakes/919_015.mp4
920_811,811,df,Deepfakes/920_811.mp4
921_569,569,df,Deepfakes/921_569.mp4
922_898,898,df,Deepfakes/922_898.mp4
923_023,023,df,Deepfakes/923_023.mp4
924_917,917,df,Deepfakes/924_917.mp4
925_933,933,df,Deepfakes/925_933.mp4
926_900,900,df,Deepfakes/926_900.mp4
927_912,912,df,Deepfakes/927_912.mp4
928_160,160,df,Deepfakes/928_160.mp4
929_962,962,df,Deepfakes/929_962.mp4
930_763,763,df,Deepfakes/930_763.mp4
931_936,936,df,Deepfakes/931_936.mp4
932_384,384,df,Deepfakes/932_384.mp4
933_925,925,df,Deepfakes/933_925.mp4
934_918,918,df,Deepfakes/934_918.mp4
935_733,733,df,Deepfakes/935_733.mp4
936_931,931,df,Deepfakes/936_931.mp4
937_888,888,df,Deepfakes/937_888.mp4
938_987,987,df,Deepfakes/938_987.mp4
939_115,115,df,Deepfakes/939_115.mp4
940_941,941,df,Deepfakes/940_941.mp4
941_940,940,df,Deepfakes/941_940.mp4
942_943,943,df,Deepfakes/942_943.mp4
943_942,942,df,Deepfakes/943_942.mp4
944_032,032,df,Deepfakes/944_032.mp4
945_044,044,df,Deepfakes/945_044.mp4
946_049,049,df,Deepfakes/946_049.mp4
947_951,951,df,Deepfakes/947_951.mp4
948_965,965,df,Deepfakes/948_965.mp4
949_868,868,df,Deepfakes/949_868.mp4
950_836,836,df,Deepfakes/950_836.mp4
951_947,947,df,Deepfakes/951_947.mp4
952_882,882,df,Deepfakes/952_882.mp4
953_974,974,df,Deepfakes/953_974.mp4
954_976,976,df,Deepfakes/954_976.mp4
955_078,078,df,Deepfakes/955_078.mp4
956_958,958,df,Deepfakes/956_958.mp4
957_959,959,df,Deepfakes/957_959.mp4
958_956,956,df,Deepfakes/958_956.mp4
959_957,957,df,Deepfakes/959_957.mp4
960_999,999,df,Deepfakes/960_999.mp4
961_069,069,df,Deepfakes/961_069.mp4
962_929,929,df,Deepfakes/962_929.mp4
963_879,879,df,Deepfakes/963_879.mp4
964_174,174,df,Deepfakes/964_174.mp4
965_948,948,df,Deepfakes/965_948.mp4
966_988,988,df,Deepfakes/966_988.mp4
967_984,984,df,Deepfakes/967_984.mp4
968_884,884,df,Deepfakes/968_884.mp4
969_897,897,df,Deepfakes/969_897.mp4
970_973,973,df,Deepfakes/970_973.mp4
971_564,564,df,Deepfakes/971_564.mp4
972_718,718,df,Deepfakes/972_718.mp4
973_970,970,df,Deepfakes/973_970.mp4
974_953,953,df,Deepfakes/974_953.mp4
975_978,978,df,Deepfakes/975_978.mp4
976_954,954,df,Deepfakes/976_954.mp4
977_075,075,df,Deepfakes/977_075.mp4
978_975,975,df,Deepfakes/978_975.mp4
979_875,875,df,Deepfakes/979_875.mp4
980_992,992,df,Deepfakes/980_992.mp4
981_985,985,df,Deepfakes/981_985.mp4
982_004,004,df,Deepfakes/982_004.mp4
983_113,113,df,Deepfakes/983_113.mp4
984_967,967,df,Deepfakes/984_967.mp4
985_981,981,df,Deepfakes/985_981.mp4
986_994,994,df,Deepfakes/986_994.mp4
987_938,938,df,Deepfakes/987_938.mp4
988_966,966,df,Deepfakes/988_966.mp4
989_993,993,df,Deepfakes/989_993.mp4
990_008,008,df,Deepfakes/990_008.mp4
991_064,064,df,Deepfakes/991_064.mp4
992_980,980,df,Deepfakes/992_980.mp4
993_989,989,df,Deepfakes/993_989.mp4
994_986,986,df,Deepfakes/994_986.mp4
995_233,233,df,Deepfakes/995_233.mp4
996_056,056,df,Deepfakes/996_056.mp4
997_040,040,df,Deepfakes/997_040.mp4
998_561,561,df,Deepfakes/998_561.mp4
999_960,960,df,Deepfakes/999_960.mp4
000_003,003,nt,NeuralTextures/000_003.mp4
001_870,870,nt,NeuralTextures/001_870.mp4
002_006,006,nt,NeuralTextures/002_006.mp4
003_000,000,nt,NeuralTextures/003_000.mp4
004_982,982,nt,NeuralTextures/004_982.mp4
005_010,010,nt,NeuralTextures/005_010.mp4
006_002,002,nt,NeuralTextures/006_002.mp4
007_132,132,nt,NeuralTextures/007_132.mp4
008_990,990,nt,NeuralTextures/008_990.mp4
009_027,027,nt,NeuralTextures/009_027.mp4
010_005,005,nt,NeuralTextures/010_005.mp4
011_805,805,nt,NeuralTextures/011_805.mp4
012_026,026,nt,NeuralTextures/012_026.mp4
013_883,883,nt,NeuralTextures/013_883.mp4
014_790,790,nt,NeuralTextures/014_790.mp4
015_919,919,nt,NeuralTextures/015_919.mp4
016_209,209,nt,NeuralTextures/016_209.mp4
017_803,803,nt,NeuralTextures/017_803.mp4
018_019,019,nt,NeuralTextures/018_019.mp4
019_018,018,nt,NeuralTextures/019_018.mp4
020_344,344,nt,NeuralTextures/020_344.mp4
021_312,312,nt,NeuralTextures/021_312.mp4
022_489,489,nt,NeuralTextures/022_489.mp4
023_923,923,nt,NeuralTextures/023_923.mp4
024_073,073,nt,NeuralTextures/024_073.mp4
025_067,067,nt,NeuralTextures/025_067.mp4
026_012,012,nt,NeuralTextures/026_012.mp4
027_009,009,nt,NeuralTextures/027_009.mp4
028_068,068,nt,NeuralTextures/028_068.mp4
029_048,048,nt,NeuralTextures/029_048.mp4
030_193,193,nt,NeuralTextures/030_193.mp4
031_163,163,nt,NeuralTextures/031_163.mp4
032_944,944,nt,NeuralTextures/032_944.mp4
033_097,097,nt,NeuralTextures/033_097.mp4
034_590,590,nt,NeuralTextures/034_590.mp4
035_036,036,nt,NeuralTextures/035_036.mp4
036_035,035,nt,NeuralTextures/036_035.mp4
037_072,072,nt,NeuralTextures/037_072.mp4
038_125,125,nt,NeuralTextures/038_125.mp4
039_058,058,nt,NeuralTextures/039_058.mp4
040_997,997,nt,NeuralTextures/040_997.mp4
041_063,063,nt,NeuralTextures/041_063.mp4
042_084,084,nt,NeuralTextures/042_084.mp4
043_110,110,nt,NeuralTextures/043_110.mp4
044_945,945,nt,NeuralTextures/044_945.mp4
045_889,889,nt,NeuralTextures/045_889.mp4
046_904,904,nt,NeuralTextures/046_904.mp4
047_862,862,nt,NeuralTextures/047_862.mp4
048_029,029,nt,NeuralTextures/048_029.mp4
049_946,946,nt,NeuralTextures/049_946.mp4
050_059,059,nt,NeuralTextures/050_059.mp4
051_332,332,nt,NeuralTextures/051_332.mp4
052_108,108,nt,NeuralTextures/052_108.mp4
053_095,095,nt,NeuralTextures/053_095.mp4
054_071,071,nt,NeuralTextures/054_071.mp4
055_147,147,nt,NeuralTextures/055_147.mp4
056_996,996,nt,NeuralTextures/056_996.mp4
057_070,070,nt,NeuralTextures/057_070.mp4
058_039,039,nt,NeuralTextures/058_039.mp4
059_050,050,nt,NeuralTextures/059_050.mp4
060_088,088,nt,NeuralTextures/060_088.mp4
061_080,080,nt,NeuralTextures/061_080.mp4
062_066,066,nt,NeuralTextures/062_066.mp4
063_041,041,nt,NeuralTextures/063_041.mp4
064_991,991,nt,NeuralTextures/064_991.mp4
065_089,089,nt,NeuralTextures/065_089.mp4
066_062,062,nt,NeuralTextures/066_062.mp4
067_025,025,nt,NeuralTextures/067_025.mp4
068_028,028,nt,NeuralTextures/068_028.mp4
069_961,961,nt,NeuralTextures/069_961.mp4
070_057,057,nt,NeuralTextures/070_057.mp4
071_054,054,nt,NeuralTextures/071_054.mp4
072_037,037,nt,NeuralTextures/072_037.mp4
073_024,024,nt,NeuralTextures/073_024.mp4
074_825,825,nt,NeuralTextures/074_825.mp4
075_977,977,nt,NeuralTextures/075_977.mp4
076_079,079,nt,NeuralTextures/076_079.mp4
077_100,100,nt,NeuralTextures/077_100.mp4
078_955,955,nt,NeuralTextures/078_955.mp4
079_076,076,nt,NeuralTextures/079_076.mp4
080_061,061,nt,NeuralTextures/080_061.mp4
081_087,087,nt,NeuralTextures/081_087.mp4
082_103,103,nt,NeuralTextures/082_103.mp4
083_213,213,nt,NeuralTextures/083_213.mp4
084_042,042,nt,NeuralTextures/084_042.mp4
085_124,124,nt,NeuralTextures/085_124.mp4
086_090,090,nt,NeuralTextures/086_090.mp4
087_081,081,nt,NeuralTextures/087_081.mp4
088_060,060,nt,NeuralTextures/088_060.mp4
089_065,065,nt,NeuralTextures/089_065.mp4
090_086,086,nt,NeuralTextures/090_086.mp4
091_116,116,nt,NeuralTextures/091_116.mp4
092_098,098,nt,NeuralTextures/092_098.mp4
093_121,121,nt,NeuralTextures/093_121.mp4
094_111,111,nt,NeuralTextures/094_111.mp4
095_053,053,nt,NeuralTextures/095_053.mp4
096_101,101,nt,NeuralTextures/096_101.mp4
097_033,033,nt,NeuralTextures/097_033.mp4
098_092,092,nt,NeuralTextures/098_092.mp4
099_295,295,nt,NeuralTextures/099_295.mp4
100_077,077,nt,NeuralTextures/100_077.mp4
101_096,096,nt,NeuralTextures/101_096.mp4
102_114,114,nt,NeuralTextures/102_114.mp4
103_082,082,nt,NeuralTextures/103_082.mp4
104_126,126,nt,NeuralTextures/104_126.mp4
105_180,180,nt,NeuralTextures/105_180.mp4
106_198,198,nt,NeuralTextures/106_198.mp4
107_109,109,nt,NeuralTextures/107_109.mp4
108_052,052,nt,NeuralTextures/108_052.mp4
109_107,107,nt,NeuralTextures/109_107.mp4
110_043,043,nt,NeuralTextures/110_043.mp4
111_094,094,nt,NeuralTextures/111_094.mp4
112_892,892,nt,NeuralTextures/112_892.mp4
113_983,983,nt,NeuralTextures/113_983.mp4
114_102,102,nt,NeuralTextures/114_102.mp4
115_939,939,nt,NeuralTextures/115_939.mp4
116_091,091,nt,NeuralTextures/116_091.mp4
117_217,217,nt,NeuralTextures/117_217.mp4
118_120,120,nt,NeuralTextures/118_120.mp4
119_123,123,nt,NeuralTextures/119_123.mp4
120_118,118,nt,NeuralTextures/120_118.mp4
121_093,093,nt,NeuralTextures/121_093.mp4
122_144,144,nt,NeuralTextures/122_144.mp4
123_119,119,nt,NeuralTextures/123_119.mp4
124_085,085,nt,NeuralTextures/124_085.mp4
125_038,038,nt,NeuralTextures/125_038.mp4
126_104,104,nt,NeuralTextures/126_104.mp4
127_129,129,nt,NeuralTextures/127_129.mp4
128_896,896,nt,NeuralTextures/128_896.mp4
129_127,127,nt,NeuralTextures/129_127.mp4
130_139,139,nt,NeuralTextures/130_139.mp4
131_518,518,nt,NeuralTextures/131_518.mp4
132_007,007,nt,NeuralTextures/132_007.mp4
133_148,148,nt,NeuralTextures/133_148.mp4
134_192,192,nt,NeuralTextures/134_192.mp4
135_880,880,nt,NeuralTextures/135_880.mp4
136_285,285,nt,NeuralTextures/136_285.mp4
137_165,165,nt,NeuralTextures/137_165.mp4
138_142,142,nt,NeuralTextures/138_142.mp4
139_130,130,nt,NeuralTextures/139_130.mp4
140_143,143,nt,NeuralTextures/140_143.mp4
141_161,161,nt,NeuralTextures/141_161.mp4
142_138,138,nt,NeuralTextures/142_138.mp4
143_140,140,nt,NeuralTextures/143_140.mp4
144_122,122,nt,NeuralTextures/144_122.mp4
145_299,299,nt,NeuralTextures/145_299.mp4
146_256,256,nt,NeuralTextures/146_256.mp4
147_055,055,nt,NeuralTextures/147_055.mp4
148_133,133,nt,NeuralTextures/148_133.mp4
149_152,152,nt,NeuralTextures/149_152.mp4
150_153,153,nt,NeuralTextures/150_153.mp4
151_225,225,nt,NeuralTextures/151_225.mp4
152_149,149,nt,NeuralTextures/152_149.mp4
153_150,150,nt,NeuralTextures/153_150.mp4
154_386,386,nt,NeuralTextures/154_386.mp4
155_576,576,nt,NeuralTextures/155_576.mp4
156_243,243,nt,NeuralTextures/156_243.mp4
157_245,245,nt,NeuralTextures/157_245.mp4
158_379,379,nt,NeuralTextures/158_379.mp4
159_175,175,nt,NeuralTextures/159_175.mp4
160_928,928,nt,NeuralTextures/160_928.mp4
161_141,141,nt,NeuralTextures/161_141.mp4
162_330,330,nt,NeuralTextures/162_330.mp4
163_031,031,nt,NeuralTextures/163_031.mp4
164_216,216,nt,NeuralTextures/164_216.mp4
165_137,137,nt,NeuralTextures/165_137.mp4
166_167,167,nt,NeuralTextures/166_167.mp4
167_166,166,nt,NeuralTextures/167_166.mp4
168_222,222,nt,NeuralTextures/168_222.mp4
169_227,227,nt,NeuralTextures/169_227.mp4
170_186,186,nt,NeuralTextures/170_186.mp4
171_173,173,nt,NeuralTextures/171_173.mp4
172_582,582,nt,NeuralTextures/172_582.mp4
173_171,171,nt,NeuralTextures/173_171.mp4
174_964,964,nt,NeuralTextures/174_964.mp4
175_159,159,nt,NeuralTextures/175_159.mp4
176_190,190,nt,NeuralTextures/176_190.mp4
177_211,211,nt,NeuralTextures/177_211.mp4
178_598,598,nt,NeuralTextures/178_598.mp4
179_212,212,nt,NeuralTextures/179_212.mp4
180_105,105,nt,NeuralTextures/180_105.mp4
181_199,199,nt,NeuralTextures/181_199.mp4
182_242,242,nt,NeuralTextures/182_242.mp4
183_253,253,nt,NeuralTextures/183_253.mp4
184_205,205,nt,NeuralTextures/184_205.mp4
185_276,276,nt,NeuralTextures/185_276.mp4
186_170,170,nt,NeuralTextures/186_170.mp4
187_234,234,nt,NeuralTextures/187_234.mp4
188_191,191,nt,NeuralTextures/188_191.mp4
189_200,200,nt,NeuralTextures/189_200.mp4
190_176,176,nt,NeuralTextures/190_176.mp4
191_188,188,nt,NeuralTextures/191_188.mp4
192_134,134,nt,NeuralTextures/192_134.mp4
193_030,030,nt,NeuralTextures/193_030.mp4
194_235,235,nt,NeuralTextures/194_235.mp4
195_442,442,nt,NeuralTextures/195_442.mp4
196_310,310,nt,NeuralTextures/196_310.mp4
197_224,224,nt,NeuralTextures/197_224.mp4
198_106,106,nt,NeuralTextures/198_106.mp4
199_181,181,nt,NeuralTextures/199_181.mp4
200_189,189,nt,NeuralTextures/200_189.mp4
201_203,203,nt,NeuralTextures/201_203.mp4
202_348,348,nt,NeuralTextures/202_348.mp4
203_201,201,nt,NeuralTextures/203_201.mp4
204_230,230,nt,NeuralTextures/204_230.mp4
205_184,184,nt,NeuralTextures/205_184.mp4
206_221,221,nt,NeuralTextures/206_221.mp4
207_908,908,nt,NeuralTextures/207_908.mp4
208_215,215,nt,NeuralTextures/208_215.mp4
209_016,016,nt,NeuralTextures/209_016.mp4
210_241,241,nt,NeuralTextures/210_241.mp4
211_177,177,nt,NeuralTextures/211_177.mp4
212_179,179,nt,NeuralTextures/212_179.mp4
213_083,083,nt,NeuralTextures/213_083.mp4
214_255,255,nt,NeuralTextures/214_255.mp4
215_208,208,nt,NeuralTextures/215_208.mp4
216_164,164,nt,NeuralTextures/216_164.mp4
217_117,117,nt,NeuralTextures/217_117.mp4
218_239,239,nt,NeuralTextures/218_239.mp4
219_220,220,nt,NeuralTextures/219_220.mp4
220_219,219,nt,NeuralTextures/220_219.mp4
221_206,206,nt,NeuralTextures/221_206.mp4
222_168,168,nt,NeuralTextures/222_168.mp4
223_586,586,nt,NeuralTextures/223_586.mp4
224_197,197,nt,NeuralTextures/224_197.mp4
225_151,151,nt,NeuralTextures/225_151.mp4
226_491,491,nt,NeuralTextures/226_491.mp4
227_169,169,nt,NeuralTextures/227_169.mp4
228_289,289,nt,NeuralTextures/228_289.mp4
229_247,247,nt,NeuralTextures/229_247.mp4
230_204,204,nt,NeuralTextures/230_204.mp4
231_663,663,nt,NeuralTextures/231_663.mp4
232_248,248,nt,NeuralTextures/232_248.mp4
233_995,995,nt,NeuralTextures/233_995.mp4
234_187,187,nt,NeuralTextures/234_187.mp4
235_194,194,nt,NeuralTextures/235_194.mp4
236_237,237,nt,NeuralTextures/236_237.mp4
237_236,236,nt,NeuralTextures/237_236.mp4
238_282,282,nt,NeuralTextures/238_282.mp4
239_218,218,nt,NeuralTextures/239_218.mp4
240_290,290,nt,NeuralTextures/240_290.mp4
241_210,210,nt,NeuralTextures/241_210.mp4
242_182,182,nt,NeuralTextures/242_182.mp4
243_156,156,nt,NeuralTextures/243_156.mp4
244_822,822,nt,NeuralTextures/244_822.mp4
245_157,157,nt,NeuralTextures/245_157.mp4
246_258,258,nt,NeuralTextures/246_258.mp4
247_229,229,nt,NeuralTextures/247_229.mp4
248_232,232,nt,NeuralTextures/248_232.mp4
249_280,280,nt,NeuralTextures/249_280.mp4
250_461,461,nt,NeuralTextures/250_461.mp4
251_375,375,nt,NeuralTextures/251_375.mp4
252_266,266,nt,NeuralTextures/252_266.mp4
253_183,183,nt,NeuralTextures/253_183.mp4
254_261,261,nt,NeuralTextures/254_261.mp4
255_214,214,nt,NeuralTextures/255_214.mp4
256_146,146,nt,NeuralTextures/256_146.mp4
257_420,420,nt,NeuralTextures/257_420.mp4
258_246,246,nt,NeuralTextures/258_246.mp4
259_345,345,nt,NeuralTextures/259_345.mp4
260_331,331,nt,NeuralTextures/260_331.mp4
261_254,254,nt,NeuralTextures/261_254.mp4
262_301,301,nt,NeuralTextures/262_301.mp4
263_284,284,nt,NeuralTextures/263_284.mp4
264_271,271,nt,NeuralTextures/264_271.mp4
265_475,475,nt,NeuralTextures/265_475.mp4
266_252,252,nt,NeuralTextures/266_252.mp4
267_286,286,nt,NeuralTextures/267_286.mp4
268_269,269,nt,NeuralTextures/268_269.mp4
269_268,268,nt,NeuralTextures/269_268.mp4
270_297,297,nt,NeuralTextures/270_297.mp4
271_264,264,nt,NeuralTextures/271_264.mp4
272_396,396,nt,NeuralTextures/272_396.mp4
273_807,807,nt,NeuralTextures/273_807.mp4
274_412,412,nt,NeuralTextures/274_412.mp4
275_887,887,nt,NeuralTextures/275_887.mp4
276_185,185,nt,NeuralTextures/276_185.mp4
277_335,335,nt,NeuralTextures/277_335.mp4
278_306,306,nt,NeuralTextures/278_306.mp4
279_298,298,nt,NeuralTextures/279_298.mp4
280_249,249,nt,NeuralTextures/280_249.mp4
281_474,474,nt,NeuralTextures/281_474.mp4
282_238,238,nt,NeuralTextures/282_238.mp4
283_313,313,nt,NeuralTextures/283_313.mp4
284_263,263,nt,NeuralTextures/284_263.mp4
285_136,136,nt,NeuralTextures/285_136.mp4
286_267,267,nt,NeuralTextures/286_267.mp4
287_426,426,nt,NeuralTextures/287_426.mp4
288_321,321,nt,NeuralTextures/288_321.mp4
289_228,228,nt,NeuralTextures/289_228.mp4
290_240,240,nt,NeuralTextures/290_240.mp4
291_874,874,nt,NeuralTextures/291_874.mp4
292_294,294,nt,NeuralTextures/292_294.mp4
293_296,296,nt,NeuralTextures/293_296.mp4
294_292,292,nt,NeuralTextures/294_292.mp4
295_099,099,nt,NeuralTextures/295_099.mp4
296_293,293,nt,NeuralTextures/296_293.mp4
297_270,270,nt,NeuralTextures/297_270.mp4
298_279,279,nt,NeuralTextures/298_279.mp4
299_145,145,nt,NeuralTextures/299_145.mp4
300_304,304,nt,NeuralTextures/300_304.mp4
301_262,262,nt,NeuralTextures/301_262.mp4
302_323,323,nt,NeuralTextures/302_323.mp4
303_309,309,nt,NeuralTextures/303_309.mp4
304_300,300,nt,NeuralTextures/304_300.mp4
305_513,513,nt,NeuralTextures/305_513.mp4
306_278,278,nt,NeuralTextures/306_278.mp4
307_365,365,nt,NeuralTextures/307_365.mp4
308_388,388,nt,NeuralTextures/308_388.mp4
309_303,303,nt,NeuralTextures/309_303.mp4
310_196,196,nt,NeuralTextures/310_196.mp4
311_387,387,nt,NeuralTextures/311_387.mp4
312_021,021,nt,NeuralTextures/312_021.mp4
313_283,283,nt,NeuralTextures/313_283.mp4
314_347,347,nt,NeuralTextures/314_347.mp4
315_322,322,nt,NeuralTextures/315_322.mp4
316_369,369,nt,NeuralTextures/316_369.mp4
317_359,359,nt,NeuralTextures/317_359.mp4
318_334,334,nt,NeuralTextures/318_334.mp4
319_352,352,nt,NeuralTextures/319_352.mp4
320_328,328,nt,NeuralTextures/320_328.mp4
321_288,288,nt,NeuralTextures/321_288.mp4
322_315,315,nt,NeuralTextures/322_315.mp4
323_302,302,nt,NeuralTextures/323_302.mp4
324_356,356,nt,NeuralTextures/324_356.mp4
325_492,492,nt,NeuralTextures/325_492.mp4
326_501,501,nt,NeuralTextures/326_501.mp4
327_329,329,nt,NeuralTextures/327_329.mp4
328_320,320,nt,NeuralTextures/328_320.mp4
329_327,327,nt,NeuralTextures/329_327.mp4
330_162,162,nt,NeuralTextures/330_162.mp4
331_260,260,nt,NeuralTextures/331_260.mp4
332_051,051,nt,NeuralTextures/332_051.mp4
333_377,377,nt,NeuralTextures/333_377.mp4
334_318,318,nt,NeuralTextures/334_318.mp4
335_277,277,nt,NeuralTextures/335_277.mp4
336_338,338,nt,NeuralTextures/336_338.mp4
337_522,522,nt,NeuralTextures/337_522.mp4
338_336,336,nt,NeuralTextures/338_336.mp4
339_392,392,nt,NeuralTextures/339_392.mp4
340_341,341,nt,NeuralTextures/340_341.mp4
341_340,340,nt,NeuralTextures/341_340.mp4
342_416,416,nt,NeuralTextures/342_416.mp4
343_363,363,nt,NeuralTextures/343_363.mp4
344_020,020,nt,NeuralTextures/344_020.mp4
345_259,259,nt,NeuralTextures/345_259.mp4
346_351,351,nt,NeuralTextures/346_351.mp4
347_314,314,nt,NeuralTextures/347_314.mp4
348_202,202,nt,NeuralTextures/348_202.mp4
349_350,350,nt,NeuralTextures/349_350.mp4
350_349,349,nt,NeuralTextures/350_349.mp4
351_346,346,nt,NeuralTextures/351_346.mp4
352_319,319,nt,NeuralTextures/352_319.mp4
353_383,383,nt,NeuralTextures/353_383.mp4
354_362,362,nt,NeuralTextures/354_362.mp4
355_748,748,nt,NeuralTextures/355_748.mp4
356_324,324,nt,NeuralTextures/356_324.mp4
357_432,432,nt,NeuralTextures/357_432.mp4
358_380,380,nt,NeuralTextures/358_380.mp4
359_317,317,nt,NeuralTextures/359_317.mp4
360_437,437,nt,NeuralTextures/360_437.mp4
361_448,448,nt,NeuralTextures/361_448.mp4
362_354,354,nt,NeuralTextures/362_354.mp4
363_343,343,nt,NeuralTextures/363_343.mp4
364_440,440,nt,NeuralTextures/364_440.mp4
365_307,307,nt,NeuralTextures/365_307.mp4
366_473,473,nt,NeuralTextures/366_473.mp4
367_371,371,nt,NeuralTextures/367_371.mp4
368_378,378,nt,NeuralTextures/368_378.mp4
369_316,316,nt,NeuralTextures/369_316.mp4
370_483,483,nt,NeuralTextures/370_483.mp4
371_367,367,nt,NeuralTextures/371_367.mp4
372_413,413,nt,NeuralTextures/372_413.mp4
373_394,394,nt,NeuralTextures/373_394.mp4
374_407,407,nt,NeuralTextures/374_407.mp4
375_251,251,nt,NeuralTextures/375_251.mp4
376_381,381,nt,NeuralTextures/376_381.mp4
377_333,333,nt,NeuralTextures/377_333.mp4
378_368,368,nt,NeuralTextures/378_368.mp4
379_158,158,nt,NeuralTextures/379_158.mp4
380_358,358,nt,NeuralTextures/380_358.mp4
381_376,376,nt,NeuralTextures/381_376.mp4
382_409,409,nt,NeuralTextures/382_409.mp4
383_353,353,nt,NeuralTextures/383_353.mp4
384_932,932,nt,NeuralTextures/384_932.mp4
385_414,414,nt,NeuralTextures/385_414.mp4
386_154,154,nt,NeuralTextures/386_154.mp4
387_311,311,nt,NeuralTextures/387_311.mp4
388_308,308,nt,NeuralTextures/388_308.mp4
389_480,480,nt,NeuralTextures/389_480.mp4
390_709,709,nt,NeuralTextures/390_709.mp4
391_406,406,nt,NeuralTextures/391_406.mp4
392_339,339,nt,NeuralTextures/392_339.mp4
393_405,405,nt,NeuralTextures/393_405.mp4
394_373,373,nt,NeuralTextures/394_373.mp4
395_401,401,nt,NeuralTextures/395_401.mp4
396_272,272,nt,NeuralTextures/396_272.mp4
397_602,602,nt,NeuralTextures/397_602.mp4
398_457,457,nt,NeuralTextures/398_457.mp4
399_488,488,nt,NeuralTextures/399_488.mp4
400_476,476,nt,NeuralTextures/400_476.mp4
401_395,395,nt,NeuralTextures/401_395.mp4
402_453,453,nt,NeuralTextures/402_453.mp4
403_497,497,nt,NeuralTextures/403_497.mp4
404_429,429,nt,NeuralTextures/404_429.mp4
405_393,393,nt,NeuralTextures/405_393.mp4
406_391,391,nt,NeuralTextures/406_391.mp4
407_374,374,nt,NeuralTextures/407_374.mp4
408_424,424,nt,NeuralTextures/408_424.mp4
409_382,382,nt,NeuralTextures/409_382.mp4
410_411,411,nt,NeuralTextures/410_411.mp4
411_410,410,nt,NeuralTextures/411_410.mp4
412_274,274,nt,NeuralTextures/412_274.mp4
413_372,372,nt,NeuralTextures/413_372.mp4
414_385,385,nt,NeuralTextures/414_385.mp4
415_484,484,nt,NeuralTextures/415_484.mp4
416_342,342,nt,NeuralTextures/416_342.mp4
417_496,496,nt,NeuralTextures/417_496.mp4
418_507,507,nt,NeuralTextures/418_507.mp4
419_824,824,nt,NeuralTextures/419_824.mp4
420_257,257,nt,NeuralTextures/420_257.mp4
421_423,423,nt,NeuralTextures/421_423.mp4
422_695,695,nt,NeuralTextures/422_695.mp4
423_421,421,nt,NeuralTextures/423_421.mp4
424_408,408,nt,NeuralTextures/424_408.mp4
425_485,485,nt,NeuralTextures/425_485.mp4
426_287,287,nt,NeuralTextures/426_287.mp4
427_637,637,nt,NeuralTextures/427_637.mp4
428_466,466,nt,NeuralTextures/428_466.mp4
429_404,404,nt,NeuralTextures/429_404.mp4
430_459,459,nt,NeuralTextures/430_459.mp4
431_447,447,nt,NeuralTextures/431_447.mp4
432_357,357,nt,NeuralTextures/432_357.mp4
433_498,498,nt,NeuralTextures/433_498.mp4
434_438,438,nt,NeuralTextures/434_438.mp4
435_456,456,nt,NeuralTextures/435_456.mp4
436_526,526,nt,NeuralTextures/436_526.mp4
437_360,360,nt,NeuralTextures/437_360.mp4
438_434,434,nt,NeuralTextures/438_434.mp4
439_441,441,nt,NeuralTextures/439_441.mp4
440_364,364,nt,NeuralTextures/440_364.mp4
441_439,439,nt,NeuralTextures/441_439.mp4
442_195,195,nt,NeuralTextures/442_195.mp4
443_514,514,nt,NeuralTextures/443_514.mp4
444_655,655,nt,NeuralTextures/444_655.mp4
445_494,494,nt,NeuralTextures/445_494.mp4
446_667,667,nt,NeuralTextures/446_667.mp4
447_431,431,nt,NeuralTextures/447_431.mp4
448_361,361,nt,NeuralTextures/448_361.mp4
449_451,451,nt,NeuralTextures/449_451.mp4
450_533,533,nt,NeuralTextures/450_533.mp4
451_449,449,nt,NeuralTextures/451_449.mp4
452_550,550,nt,NeuralTextures/452_550.mp4
453_402,402,nt,NeuralTextures/453_402.mp4
454_527,527,nt,NeuralTextures/454_527.mp4
455_471,471,nt,NeuralTextures/455_471.mp4
456_435,435,nt,NeuralTextures/456_435.mp4
457_398,398,nt,NeuralTextures/457_398.mp4
458_722,722,nt,NeuralTextures/458_722.mp4
459_430,430,nt,NeuralTextures/459_430.mp4
460_678,678,nt,NeuralTextures/460_678.mp4
461_250,250,nt,NeuralTextures/461_250.mp4
462_467,467,nt,NeuralTextures/462_467.mp4
463_464,464,nt,NeuralTextures/463_464.mp4
464_463,463,nt,NeuralTextures/464_463.mp4
465_482,482,nt,NeuralTextures/465_482.mp4
466_428,428,nt,NeuralTextures/466_428.mp4
467_462,462,nt,NeuralTextures/467_462.mp4
468_470,470,nt,NeuralTextures/468_470.mp4
469_481,481,nt,NeuralTextures/469_481.mp4
470_468,468,nt,NeuralTextures/470_468.mp4
471_455,455,nt,NeuralTextures/471_455.mp4
472_511,511,nt,NeuralTextures/472_511.mp4
473_366,366,nt,NeuralTextures/473_366.mp4
474_281,281,nt,NeuralTextures/474_281.mp4
475_265,265,nt,NeuralTextures/475_265.mp4
476_400,400,nt,NeuralTextures/476_400.mp4
477_487,487,nt,NeuralTextures/477_487.mp4
478_506,506,nt,NeuralTextures/478_506.mp4
479_706,706,nt,NeuralTextures/479_706.mp4
480_389,389,nt,NeuralTextures/480_389.mp4
481_469,469,nt,NeuralTextures/481_469.mp4
482_465,465,nt,NeuralTextures/482_465.mp4
483_370,370,nt,NeuralTextures/483_370.mp4
484_415,415,nt,NeuralTextures/484_415.mp4
485_425,425,nt,NeuralTextures/485_425.mp4
486_680,680,nt,NeuralTextures/486_680.mp4
487_477,477,nt,NeuralTextures/487_477.mp4
488_399,399,nt,NeuralTextures/488_399.mp4
489_022,022,nt,NeuralTextures/489_022.mp4
490_534,534,nt,NeuralTextures/490_534.mp4
491_226,226,nt,NeuralTextures/491_226.mp4
492_325,325,nt,NeuralTextures/492_325.mp4
493_538,538,nt,NeuralTextures/493_538.mp4
494_445,445,nt,NeuralTextures/494_445.mp4
495_512,512,nt,NeuralTextures/495_512.mp4
496_417,417,nt,NeuralTextures/496_417.mp4
497_403,403,nt,NeuralTextures/497_403.mp4
498_433,433,nt,NeuralTextures/498_433.mp4
499_539,539,nt,NeuralTextures/499_539.mp4
500_592,592,nt,NeuralTextures/500_592.mp4
501_326,326,nt,NeuralTextures/501_326.mp4
502_504,504,nt,NeuralTextures/502_504.mp4
503_756,756,nt,NeuralTextures/503_756.mp4
504_502,502,nt,NeuralTextures/504_502.mp4
505_600,600,nt,NeuralTextures/505_600.mp4
506_478,478,nt,NeuralTextures/506_478.mp4
507_418,418,nt,NeuralTextures/507_418.mp4
508_831,831,nt,NeuralTextures/508_831.mp4
509_525,525,nt,NeuralTextures/509_525.mp4
510_528,528,nt,NeuralTextures/510_528.mp4
511_472,472,nt,NeuralTextures/511_472.mp4
512_495,495,nt,NeuralTextures/512_495.mp4
513_305,305,nt,NeuralTextures/513_305.mp4
514_443,443,nt,NeuralTextures/514_443.mp4
515_519,519,nt,NeuralTextures/515_519.mp4
516_555,555,nt,NeuralTextures/516_555.mp4
517_521,521,nt,NeuralTextures/517_521.mp4
518_131,131,nt,NeuralTextures/518_131.mp4
519_515,515,nt,NeuralTextures/519_515.mp4
520_542,542,nt,NeuralTextures/520_542.mp4
521_517,517,nt,NeuralTextures/521_517.mp4
522_337,337,nt,NeuralTextures/522_337.mp4
523_541,541,nt,NeuralTextures/523_541.mp4
524_580,580,nt,NeuralTextures/524_580.mp4
525_509,509,nt,NeuralTextures/525_509.mp4
526_436,436,nt,NeuralTextures/526_436.mp4
527_454,454,nt,NeuralTextures/527_454.mp4
528_510,510,nt,NeuralTextures/528_510.mp4
529_633,633,nt,NeuralTextures/529_633.mp4
530_594,594,nt,NeuralTextures/530_594.mp4
531_549,549,nt,NeuralTextures/531_549.mp4
532_544,544,nt,NeuralTextures/532_544.mp4
533_450,450,nt,NeuralTextures/533_450.mp4
534_490,490,nt,NeuralTextures/534_490.mp4
535_587,587,nt,NeuralTextures/535_587.mp4
536_540,540,nt,NeuralTextures/536_540.mp4
537_563,563,nt,NeuralTextures/537_563.mp4
538_493,493,nt,NeuralTextures/538_493.mp4
539_499,499,nt,NeuralTextures/539_499.mp4
540_536,536,nt,NeuralTextures/540_536.mp4
541_523,523,nt,NeuralTextures/541_523.mp4
542_520,520,nt,NeuralTextures/542_520.mp4
543_559,559,nt,NeuralTextures/543_559.mp4
544_532,532,nt,NeuralTextures/544_532.mp4
545_553,553,nt,NeuralTextures/545_553.mp4
546_621,621,nt,NeuralTextures/546_621.mp4
547_574,574,nt,NeuralTextures/547_574.mp4
548_632,632,nt,NeuralTextures/548_632.mp4
549_531,531,nt,NeuralTextures/549_531.mp4
550_452,452,nt,NeuralTextures/550_452.mp4
551_631,631,nt,NeuralTextures/551_631.mp4
552_851,851,nt,NeuralTextures/552_851.mp4
553_545,545,nt,NeuralTextures/553_545.mp4
554_572,572,nt,NeuralTextures/554_572.mp4
555_516,516,nt,NeuralTextures/555_516.mp4
556_588,588,nt,NeuralTextures/556_588.mp4
557_560,560,nt,NeuralTextures/557_560.mp4
558_583,583,nt,NeuralTextures/558_583.mp4
559_543,543,nt,NeuralTextures/559_543.mp4
560_557,557,nt,NeuralTextures/560_557.mp4
561_998,998,nt,NeuralTextures/561_998.mp4
562_626,626,nt,NeuralTextures/562_626.mp4
563_537,537,nt,NeuralTextures/563_537.mp4
564_971,971,nt,NeuralTextures/564_971.mp4
565_589,589,nt,NeuralTextures/565_589.mp4
566_617,617,nt,NeuralTextures/566_617.mp4
567_606,606,nt,NeuralTextures/567_606.mp4
568_628,628,nt,NeuralTextures/568_628.mp4
569_921,921,nt,NeuralTextures/569_921.mp4
570_624,624,nt,NeuralTextures/570_624.mp4
571_746,746,nt,NeuralTextures/571_746.mp4
572_554,554,nt,NeuralTextures/572_554.mp4
573_757,757,nt,NeuralTextures/573_757.mp4
574_547,547,nt,NeuralTextures/574_547.mp4
575_603,603,nt,NeuralTextures/575_603.mp4
576_155,155,nt,NeuralTextures/576_155.mp4
577_593,593,nt,NeuralTextures/577_593.mp4
578_636,636,nt,NeuralTextures/578_636.mp4
579_701,701,nt,NeuralTextures/579_701.mp4
580_524,524,nt,NeuralTextures/580_524.mp4
581_697,697,nt,NeuralTextures/581_697.mp4
582_172,172,nt,NeuralTextures/582_172.mp4
583_558,558,nt,NeuralTextures/583_558.mp4
584_823,823,nt,NeuralTextures/584_823.mp4
585_599,599,nt,NeuralTextures/585_599.mp4
586_223,223,nt,NeuralTextures/586_223.mp4
587_535,535,nt,NeuralTextures/587_535.mp4
588_556,556,nt,NeuralTextures/588_556.mp4
589_565,565,nt,NeuralTextures/589_565.mp4
590_034,034,nt,NeuralTextures/590_034.mp4
591_605,605,nt,NeuralTextures/591_605.mp4
592_500,500,nt,NeuralTextures/592_500.mp4
593_577,577,nt,NeuralTextures/593_577.mp4
594_530,530,nt,NeuralTextures/594_530.mp4
595_597,597,nt,NeuralTextures/595_597.mp4
596_609,609,nt,NeuralTextures/596_609.mp4
597_595,595,nt,NeuralTextures/597_595.mp4
598_178,178,nt,NeuralTextures/598_178.mp4
599_585,585,nt,NeuralTextures/599_585.mp4
600_505,505,nt,NeuralTextures/600_505.mp4
601_653,653,nt,NeuralTextures/601_653.mp4
602_397,397,nt,NeuralTextures/602_397.mp4
603_575,575,nt,NeuralTextures/603_575.mp4
604_703,703,nt,NeuralTextures/604_703.mp4
605_591,591,nt,NeuralTextures/605_591.mp4
606_567,567,nt,NeuralTextures/606_567.mp4
607_683,683,nt,NeuralTextures/607_683.mp4
608_675,675,nt,NeuralTextures/608_675.mp4
609_596,596,nt,NeuralTextures/609_596.mp4
610_692,692,nt,NeuralTextures/610_692.mp4
611_760,760,nt,NeuralTextures/611_760.mp4
612_702,702,nt,NeuralTextures/612_702.mp4
613_685,685,nt,NeuralTextures/613_685.mp4
614_616,616,nt,NeuralTextures/614_616.mp4
615_687,687,nt,NeuralTextures/615_687.mp4
616_614,614,nt,NeuralTextures/616_614.mp4
617_566,566,nt,NeuralTextures/617_566.mp4
618_629,629,nt,NeuralTextures/618_629.mp4
619_620,620,nt,NeuralTextures/619_620.mp4
620_619,619,nt,NeuralTextures/620_619.mp4
621_546,546,nt,NeuralTextures/621_546.mp4
622_647,647,nt,NeuralTextures/622_647.mp4
623_630,630,nt,NeuralTextures/623_630.mp4
624_570,570,nt,NeuralTextures/624_570.mp4
625_650,650,nt,NeuralTextures/625_650.mp4
626_562,562,nt,NeuralTextures/626_562.mp4
627_658,658,nt,NeuralTextures/627_658.mp4
628_568,568,nt,NeuralTextures/628_568.mp4
629_618,618,nt,NeuralTextures/629_618.mp4
630_623,623,nt,NeuralTextures/630_623.mp4
631_551,551,nt,NeuralTextures/631_551.mp4
632_548,548,nt,NeuralTextures/632_548.mp4
633_529,529,nt,NeuralTextures/633_529.mp4
634_660,660,nt,NeuralTextures/634_660.mp4
635_642,642,nt,NeuralTextures/635_642.mp4
636_578,578,nt,NeuralTextures/636_578.mp4
637_427,427,nt,NeuralTextures/637_427.mp4
638_640,640,nt,NeuralTextures/638_640.mp4
639_841,841,nt,NeuralTextures/639_841.mp4
640_638,638,nt,NeuralTextures/640_638.mp4
641_662,662,nt,NeuralTextures/641_662.mp4
642_635,635,nt,NeuralTextures/642_635.mp4
643_646,646,nt,NeuralTextures/643_646.mp4
644_657,657,nt,NeuralTextures/644_657.mp4
645_688,688,nt,NeuralTextures/645_688.mp4
646_643,643,nt,NeuralTextures/646_643.mp4
647_622,622,nt,NeuralTextures/647_622.mp4
648_654,654,nt,NeuralTextures/648_654.mp4
649_816,816,nt,NeuralTextures/649_816.mp4
650_625,625,nt,NeuralTextures/650_625.mp4
651_835,835,nt,NeuralTextures/651_835.mp4
652_773,773,nt,NeuralTextures/652_773.mp4
653_601,601,nt,NeuralTextures/653_601.mp4
654_648,648,nt,NeuralTextures/654_648.mp4
655_444,444,nt,NeuralTextures/655_444.mp4
656_666,666,nt,NeuralTextures/656_666.mp4
657_644,644,nt,NeuralTextures/657_644.mp4
658_627,627,nt,NeuralTextures/658_627.mp4
659_749,749,nt,NeuralTextures/659_749.mp4
660_634,634,nt,NeuralTextures/660_634.mp4
661_670,670,nt,NeuralTextures/661_670.mp4
662_641,641,nt,NeuralTextures/662_641.mp4
663_231,231,nt,NeuralTextures/663_231.mp4
664_668,668,nt,NeuralTextures/664_668.mp4
665_679,679,nt,NeuralTextures/665_679.mp4
666_656,656,nt,NeuralTextures/666_656.mp4
667_446,446,nt,NeuralTextures/667_446.mp4
668_664,664,nt,NeuralTextures/668_664.mp4
669_682,682,nt,NeuralTextures/669_682.mp4
670_661,661,nt,NeuralTextures/670_661.mp4
671_677,677,nt,NeuralTextures/671_677.mp4
672_720,720,nt,NeuralTextures/672_720.mp4
673_728,728,nt,NeuralTextures/673_728.mp4
674_744,744,nt,NeuralTextures/674_744.mp4
675_608,608,nt,NeuralTextures/675_608.mp4
676_776,776,nt,NeuralTextures/676_776.mp4
677_671,671,nt,NeuralTextures/677_671.mp4
678_460,460,nt,NeuralTextures/678_460.mp4
679_665,665,nt,NeuralTextures/679_665.mp4
680_486,486,nt,NeuralTextures/680_486.mp4
681_711,711,nt,NeuralTextures/681_711.mp4
682_669,669,nt,NeuralTextures/682_669.mp4
683_607,607,nt,NeuralTextures/683_607.mp4
684_717,717,nt,NeuralTextures/684_717.mp4
685_613,613,nt,NeuralTextures/685_613.mp4
686_696,696,nt,NeuralTextures/686_696.mp4
687_615,615,nt,NeuralTextures/687_615.mp4
688_645,645,nt,NeuralTextures/688_645.mp4
689_690,690,nt,NeuralTextures/689_690.mp4
690_689,689,nt,NeuralTextures/690_689.mp4
691_732,732,nt,NeuralTextures/691_732.mp4
692_610,610,nt,NeuralTextures/692_610.mp4
693_698,698,nt,NeuralTextures/693_698.mp4
694_767,767,nt,NeuralTextures/694_767.mp4
695_422,422,nt,NeuralTextures/695_422.mp4
696_686,686,nt,NeuralTextures/696_686.mp4
697_581,581,nt,NeuralTextures/697_581.mp4
698_693,693,nt,NeuralTextures/698_693.mp4
699_734,734,nt,NeuralTextures/699_734.mp4
700_813,813,nt,NeuralTextures/700_813.mp4
701_579,579,nt,NeuralTextures/701_579.mp4
702_612,612,nt,NeuralTextures/702_612.mp4
703_604,604,nt,NeuralTextures/703_604.mp4
704_723,723,nt,NeuralTextures/704_723.mp4
705_707,707,nt,NeuralTextures/705_707.mp4
706_479,479,nt,NeuralTextures/706_479.mp4
707_705,705,nt,NeuralTextures/707_705.mp4
708_772,772,nt,NeuralTextures/708_772.mp4
709_390,390,nt,NeuralTextures/709_390.mp4
710_788,788,nt,NeuralTextures/710_788.mp4
711_681,681,nt,NeuralTextures/711_681.mp4
712_716,716,nt,NeuralTextures/712_716.mp4
713_726,726,nt,NeuralTextures/713_726.mp4
714_842,842,nt,NeuralTextures/714_842.mp4
715_721,721,nt,NeuralTextures/715_721.mp4
716_712,712,nt,NeuralTextures/716_712.mp4
717_684,684,nt,NeuralTextures/717_684.mp4
718_972,972,nt,NeuralTextures/718_972.mp4
719_737,737,nt,NeuralTextures/719_737.mp4
720_672,672,nt,NeuralTextures/720_672.mp4
721_715,715,nt,NeuralTextures/721_715.mp4
722_458,458,nt,NeuralTextures/722_458.mp4
723_704,704,nt,NeuralTextures/723_704.mp4
724_725,725,nt,NeuralTextures/724_725.mp4
725_724,724,nt,NeuralTextures/725_724.mp4
726_713,713,nt,NeuralTextures/726_713.mp4
727_729,729,nt,NeuralTextures/727_729.mp4
728_673,673,nt,NeuralTextures/728_673.mp4
729_727,727,nt,NeuralTextures/729_727.mp4
730_815,815,nt,NeuralTextures/730_815.mp4
731_741,741,nt,NeuralTextures/731_741.mp4
732_691,691,nt,NeuralTextures/732_691.mp4
733_935,935,nt,NeuralTextures/733_935.mp4
734_699,699,nt,NeuralTextures/734_699.mp4
735_774,774,nt,NeuralTextures/735_774.mp4
736_785,785,nt,NeuralTextures/736_785.mp4
737_719,719,nt,NeuralTextures/737_719.mp4
738_804,804,nt,NeuralTextures/738_804.mp4
739_865,865,nt,NeuralTextures/739_865.mp4
740_796,796,nt,NeuralTextures/740_796.mp4
741_731,731,nt,NeuralTextures/741_731.mp4
742_775,775,nt,NeuralTextures/742_775.mp4
743_750,750,nt,NeuralTextures/743_750.mp4
744_674,674,nt,NeuralTextures/744_674.mp4
745_777,777,nt,NeuralTextures/745_777.mp4
746_571,571,nt,NeuralTextures/746_571.mp4
747_854,854,nt,NeuralTextures/747_854.mp4
748_355,355,nt,NeuralTextures/748_355.mp4
749_659,659,nt,NeuralTextures/749_659.mp4
750_743,743,nt,NeuralTextures/750_743.mp4
751_752,752,nt,NeuralTextures/751_752.mp4
752_751,751,nt,NeuralTextures/752_751.mp4
753_789,789,nt,NeuralTextures/753_789.mp4
754_758,758,nt,NeuralTextures/754_758.mp4
755_759,759,nt,NeuralTextures/755_759.mp4
756_503,503,nt,NeuralTextures/756_503.mp4
757_573,573,nt,NeuralTextures/757_573.mp4
758_754,754,nt,NeuralTextures/758_754.mp4
759_755,755,nt,NeuralTextures/759_755.mp4
760_611,611,nt,NeuralTextures/760_611.mp4
761_766,766,nt,NeuralTextures/761_766.mp4
762_832,832,nt,NeuralTextures/762_832.mp4
763_930,930,nt,NeuralTextures/763_930.mp4
764_850,850,nt,NeuralTextures/764_850.mp4
765_867,867,nt,NeuralTextures/765_867.mp4
766_761,761,nt,NeuralTextures/766_761.mp4
767_694,694,nt,NeuralTextures/767_694.mp4
768_793,793,nt,NeuralTextures/768_793.mp4
769_784,784,nt,NeuralTextures/769_784.mp4
770_791,791,nt,NeuralTextures/770_791.mp4
771_849,849,nt,NeuralTextures/771_849.mp4
772_708,708,nt,NeuralTextures/772_708.mp4
773_652,652,nt,NeuralTextures/773_652.mp4
774_735,735,nt,NeuralTextures/774_735.mp4
775_742,742,nt,NeuralTextures/775_742.mp4
776_676,676,nt,NeuralTextures/776_676.mp4
777_745,745,nt,NeuralTextures/777_745.mp4
778_798,798,nt,NeuralTextures/778_798.mp4
779_794,794,nt,NeuralTextures/779_794.mp4
780_869,869,nt,NeuralTextures/780_869.mp4
781_806,806,nt,NeuralTextures/781_806.mp4
782_787,787,nt,NeuralTextures/782_787.mp4
783_916,916,nt,NeuralTextures/783_916.mp4
784_769,769,nt,NeuralTextures/784_769.mp4
785_736,736,nt,NeuralTextures/785_736.mp4
786_819,819,nt,NeuralTextures/786_819.mp4
787_782,782,nt,NeuralTextures/787_782.mp4
788_710,710,nt,NeuralTextures/788_710.mp4
789_753,753,nt,NeuralTextures/789_753.mp4
790_014,014,nt,NeuralTextures/790_014.mp4
791_770,770,nt,NeuralTextures/791_770.mp4
792_903,903,nt,NeuralTextures/792_903.mp4
793_768,768,nt,NeuralTextures/793_768.mp4
794_779,779,nt,NeuralTextures/794_779.mp4
795_907,907,nt,NeuralTextures/795_907.mp4
796_740,740,nt,NeuralTextures/796_740.mp4
797_844,844,nt,NeuralTextures/797_844.mp4
798_778,778,nt,NeuralTextures/798_778.mp4
799_809,809,nt,NeuralTextures/799_809.mp4
800_840,840,nt,NeuralTextures/800_840.mp4
801_855,855,nt,NeuralTextures/801_855.mp4
802_885,885,nt,NeuralTextures/802_885.mp4
803_017,017,nt,NeuralTextures/803_017.mp4
804_738,738,nt,NeuralTextures/804_738.mp4
805_011,011,nt,NeuralTextures/805_011.mp4
806_781,781,nt,NeuralTextures/806_781.mp4
807_273,273,nt,NeuralTextures/807_273.mp4
808_829,829,nt,NeuralTextures/808_829.mp4
809_799,799,nt,NeuralTextures/809_799.mp4
810_838,838,nt,NeuralTextures/810_838.mp4
811_920,920,nt,NeuralTextures/811_920.mp4
812_821,821,nt,NeuralTextures/812_821.mp4
813_700,700,nt,NeuralTextures/813_700.mp4
814_871,871,nt,NeuralTextures/814_871.mp4
815_730,730,nt,NeuralTextures/815_730.mp4
816_649,649,nt,NeuralTextures/816_649.mp4
817_827,827,nt,NeuralTextures/817_827.mp4
818_820,820,nt,NeuralTextures/818_820.mp4
819_786,786,nt,NeuralTextures/819_786.mp4
820_818,818,nt,NeuralTextures/820_818.mp4
821_812,812,nt,NeuralTextures/821_812.mp4
822_244,244,nt,NeuralTextures/822_244.mp4
823_584,584,nt,NeuralTextures/823_584.mp4
824_419,419,nt,NeuralTextures/824_419.mp4
825_074,074,nt,NeuralTextures/825_074.mp4
826_833,833,nt,NeuralTextures/826_833.mp4
827_817,817,nt,NeuralTextures/827_817.mp4
828_830,830,nt,NeuralTextures/828_830.mp4
829_808,808,nt,NeuralTextures/829_808.mp4
830_828,828,nt,NeuralTextures/830_828.mp4
831_508,508,nt,NeuralTextures/831_508.mp4
832_762,762,nt,NeuralTextures/832_762.mp4
833_826,826,nt,NeuralTextures/833_826.mp4
834_852,852,nt,NeuralTextures/834_852.mp4
835_651,651,nt,NeuralTextures/835_651.mp4
836_950,950,nt,NeuralTextures/836_950.mp4
837_890,890,nt,NeuralTextures/837_890.mp4
838_810,810,nt,NeuralTextures/838_810.mp4
839_864,864,nt,NeuralTextures/839_864.mp4
840_800,800,nt,NeuralTextures/840_800.mp4
841_639,639,nt,NeuralTextures/841_639.mp4
842_714,714,nt,NeuralTextures/842_714.mp4
843_859,859,nt,NeuralTextures/843_859.mp4
844_797,797,nt,NeuralTextures/844_797.mp4
845_846,846,nt,NeuralTextures/845_846.mp4
846_845,845,nt,NeuralTextures/846_845.mp4
847_906,906,nt,NeuralTextures/847_906.mp4
848_894,894,nt,NeuralTextures/848_894.mp4
849_771,771,nt,NeuralTextures/849_771.mp4
850_764,764,nt,NeuralTextures/850_764.mp4
851_552,552,nt,NeuralTextures/851_552.mp4
852_834,834,nt,NeuralTextures/852_834.mp4
853_863,863,nt,NeuralTextures/853_863.mp4
854_747,747,nt,NeuralTextures/854_747.mp4
855_801,801,nt,NeuralTextures/855_801.mp4
856_881,881,nt,NeuralTextures/856_881.mp4
857_909,909,nt,NeuralTextures/857_909.mp4
858_861,861,nt,NeuralTextures/858_861.mp4
859_843,843,nt,NeuralTextures/859_843.mp4
860_905,905,nt,NeuralTextures/860_905.mp4
861_858,858,nt,NeuralTextures/861_858.mp4
862_047,047,nt,NeuralTextures/862_047.mp4
863_853,853,nt,NeuralTextures/863_853.mp4
864_839,839,nt,NeuralTextures/864_839.mp4
865_739,739,nt,NeuralTextures/865_739.mp4
866_878,878,nt,NeuralTextures/866_878.mp4
867_765,765,nt,NeuralTextures/867_765.mp4
868_949,949,nt,NeuralTextures/868_949.mp4
869_780,780,nt,NeuralTextures/869_780.mp4
870_001,001,nt,NeuralTextures/870_001.mp4
871_814,814,nt,NeuralTextures/871_814.mp4
872_873,873,nt,NeuralTextures/872_873.mp4
873_872,872,nt,NeuralTextures/873_872.mp4
874_291,291,nt,NeuralTextures/874_291.mp4
875_979,979,nt,NeuralTextures/875_979.mp4
876_891,891,nt,NeuralTextures/876_891.mp4
877_886,886,nt,NeuralTextures/877_886.mp4
878_866,866,nt,NeuralTextures/878_866.mp4
879_963,963,nt,NeuralTextures/879_963.mp4
880_135,135,nt,NeuralTextures/880_135.mp4
881_856,856,nt,NeuralTextures/881_856.mp4
882_952,952,nt,NeuralTextures/882_952.mp4
883_013,013,nt,NeuralTextures/883_013.mp4
884_968,968,nt,NeuralTextures/884_968.mp4
885_802,802,nt,NeuralTextures/885_802.mp4
886_877,877,nt,NeuralTextures/886_877.mp4
887_275,275,nt,NeuralTextures/887_275.mp4
888_937,937,nt,NeuralTextures/888_937.mp4
889_045,045,nt,NeuralTextures/889_045.mp4
890_837,837,nt,NeuralTextures/890_837.mp4
891_876,876,nt,NeuralTextures/891_876.mp4
892_112,112,nt,NeuralTextures/892_112.mp4
893_913,913,nt,NeuralTextures/893_913.mp4
894_848,848,nt,NeuralTextures/894_848.mp4
895_915,915,nt,NeuralTextures/895_915.mp4
896_128,128,nt,NeuralTextures/896_128.mp4
897_969,969,nt,NeuralTextures/897_969.mp4
898_922,922,nt,NeuralTextures/898_922.mp4
899_914,914,nt,NeuralTextures/899_914.mp4
900_926,926,nt,NeuralTextures/900_926.mp4
901_902,902,nt,NeuralTextures/901_902.mp4
902_901,901,nt,NeuralTextures/902_901.mp4
903_792,792,nt,NeuralTextures/903_792.mp4
904_046,046,nt,NeuralTextures/904_046.mp4
905_860,860,nt,NeuralTextures/905_860.mp4
906_847,847,nt,NeuralTextures/906_847.mp4
907_795,795,nt,NeuralTextures/907_795.mp4
908_207,207,nt,NeuralTextures/908_207.mp4
909_857,857,nt,NeuralTextures/909_857.mp4
910_911,911,nt,NeuralTextures/910_911.mp4
911_910,910,nt,NeuralTextures/911_910.mp4
912_927,927,nt,NeuralTextures/912_927.mp4
913_893,893,nt,NeuralTextures/913_893.mp4
914_899,899,nt,NeuralTextures/914_899.mp4
915_895,895,nt,NeuralTextures/915_895.mp4
916_783,783,nt,NeuralTextures/916_783.mp4
917_924,924,nt,NeuralTextures/917_924.mp4
918_934,934,nt,NeuralTextures/918_934.mp4
919_015,015,nt,NeuralTextures/919_015.mp4
920_811,811,nt,NeuralTextures/920_811.mp4
921_569,569,nt,NeuralTextures/921_569.mp4
922_898,898,nt,NeuralTextures/922_898.mp4
923_023,023,nt,NeuralTextures/923_023.mp4
924_917,917,nt,NeuralTextures/924_917.mp4
925_933,933,nt,NeuralTextures/925_933.mp4
926_900,900,nt,NeuralTextures/926_900.mp4
927_912,912,nt,NeuralTextures/927_912.mp4
928_160,160,nt,NeuralTextures/928_160.mp4
929_962,962,nt,NeuralTextures/929_962.mp4
930_763,763,nt,NeuralTextures/930_763.mp4
931_936,936,nt,NeuralTextures/931_936.mp4
932_384,384,nt,NeuralTextures/932_384.mp4
933_925,925,nt,NeuralTextures/933_925.mp4
934_918,918,nt,NeuralTextures/934_918.mp4
935_733,733,nt,NeuralTextures/935_733.mp4
936_931,931,nt,NeuralTextures/936_931.mp4
937_888,888,nt,NeuralTextures/937_888.mp4
938_987,987,nt,NeuralTextures/938_987.mp4
939_115,115,nt,NeuralTextures/939_115.mp4
940_941,941,nt,NeuralTextures/940_941.mp4
941_940,940,nt,NeuralTextures/941_940.mp4
942_943,943,nt,NeuralTextures/942_943.mp4
943_942,942,nt,NeuralTextures/943_942.mp4
944_032,032,nt,NeuralTextures/944_032.mp4
945_044,044,nt,NeuralTextures/945_044.mp4
946_049,049,nt,NeuralTextures/946_049.mp4
947_951,951,nt,NeuralTextures/947_951.mp4
948_965,965,nt,NeuralTextures/948_965.mp4
949_868,868,nt,NeuralTextures/949_868.mp4
950_836,836,nt,NeuralTextures/950_836.mp4
951_947,947,nt,NeuralTextures/951_947.mp4
952_882,882,nt,NeuralTextures/952_882.mp4
953_974,974,nt,NeuralTextures/953_974.mp4
954_976,976,nt,NeuralTextures/954_976.mp4
955_078,078,nt,NeuralTextures/955_078.mp4
956_958,958,nt,NeuralTextures/956_958.mp4
957_959,959,nt,NeuralTextures/957_959.mp4
958_956,956,nt,NeuralTextures/958_956.mp4
959_957,957,nt,NeuralTextures/959_957.mp4
960_999,999,nt,NeuralTextures/960_999.mp4
961_069,069,nt,NeuralTextures/961_069.mp4
962_929,929,nt,NeuralTextures/962_929.mp4
963_879,879,nt,NeuralTextures/963_879.mp4
964_174,174,nt,NeuralTextures/964_174.mp4
965_948,948,nt,NeuralTextures/965_948.mp4
966_988,988,nt,NeuralTextures/966_988.mp4
967_984,984,nt,NeuralTextures/967_984.mp4
968_884,884,nt,NeuralTextures/968_884.mp4
969_897,897,nt,NeuralTextures/969_897.mp4
970_973,973,nt,NeuralTextures/970_973.mp4
971_564,564,nt,NeuralTextures/971_564.mp4
972_718,718,nt,NeuralTextures/972_718.mp4
973_970,970,nt,NeuralTextures/973_970.mp4
974_953,953,nt,NeuralTextures/974_953.mp4
975_978,978,nt,NeuralTextures/975_978.mp4
976_954,954,nt,NeuralTextures/976_954.mp4
977_075,075,nt,NeuralTextures/977_075.mp4
978_975,975,nt,NeuralTextures/978_975.mp4
979_875,875,nt,NeuralTextures/979_875.mp4
980_992,992,nt,NeuralTextures/980_992.mp4
981_985,985,nt,NeuralTextures/981_985.mp4
982_004,004,nt,NeuralTextures/982_004.mp4
983_113,113,nt,NeuralTextures/983_113.mp4
984_967,967,nt,NeuralTextures/984_967.mp4
985_981,981,nt,NeuralTextures/985_981.mp4
986_994,994,nt,NeuralTextures/986_994.mp4
987_938,938,nt,NeuralTextures/987_938.mp4
988_966,966,nt,NeuralTextures/988_966.mp4
989_993,993,nt,NeuralTextures/989_993.mp4
990_008,008,nt,NeuralTextures/990_008.mp4
991_064,064,nt,NeuralTextures/991_064.mp4
992_980,980,nt,NeuralTextures/992_980.mp4
993_989,989,nt,NeuralTextures/993_989.mp4
994_986,986,nt,NeuralTextures/994_986.mp4
995_233,233,nt,NeuralTextures/995_233.mp4
996_056,056,nt,NeuralTextures/996_056.mp4
997_040,040,nt,NeuralTextures/997_040.mp4
998_561,561,nt,NeuralTextures/998_561.mp4
999_960,960,nt,NeuralTextures/999_960.mp4
